host,verdict
aaronhicks.great-site.net,DEAD_no_account
aaronlaurens.is-great.net,ALIVE
aaronlogan.is-great.org,DEAD_no_account
aaronquong.great-site.net,DEAD_no_account
aaronrentoul.great-site.net,DEAD_no_account
aaronvondoussa.is-best.net,DEAD_no_account
aaryamoses.kesug.com,UNCERTAIN_throttled
aayanmyers.great-site.net,UNCERTAIN_throttled
abbeyhornibrook.is-best.net,ALIVE
abbeypierce.nichesite.org,DEAD_no_account
abbienolan.kesug.com,DEAD_no_account
abbynewton.lovestoblog.com,DEAD_no_account
abdielpaul.iblogger.org,DEAD_no_account
abdirarowe.is-best.net,DEAD_no_account
abdulhouston.great-site.net,DEAD_no_account
abdulkong.wuaze.com,DEAD_no_account
abelcarlos.great-site.net,ALIVE
abelfisher.is-best.net,DEAD_no_account
abelfowler.great-site.net,DEAD_no_account
abelinosolano.lovestoblog.com,DEAD_no_account
abigailedwards.kesug.com,DEAD_no_account
abigailfinley.lovestoblog.com,DEAD_no_account
abigailhawkins.iblogger.org,DEAD_no_account
abigayjohnson.is-best.net,UNCERTAIN_throttled
abrahamfloyd.is-great.net,DEAD_no_account
abrahamledesma.is-best.net,ALIVE
abrahamvaldez.is-great.org,DEAD_no_account
abrahamwilliams.is-great.org,DEAD_no_account
abutohaeingram.lovestoblog.com,DEAD_no_account
acenorris.wuaze.com,DEAD_no_account
acilialackner.lovestoblog.com,DEAD_no_account
acsnaborbala.is-great.net,DEAD_no_account
adadudley.iblogger.org,DEAD_no_account
adalberttrummer.is-great.net,DEAD_no_account
adalgallagher.kesug.com,DEAD_no_account
adalgisa.is-best.net,DEAD_no_account
adalyndickson.great-site.net,DEAD_no_account
adalynriley.lovestoblog.com,DEAD_no_account
adamblake.iblogger.org,DEAD_no_account
adamgordon.great-site.net,DEAD_no_account
adamhammond.iblogger.org,DEAD_no_account
adamjeffer.wuaze.com,DEAD_no_account
adampagelu.lovestoblog.com,DEAD_no_account
adamtolkamp.lovestoblog.com,DEAD_no_account
adamvis.great-site.net,DEAD_no_account
adamwoodward.is-best.net,DEAD_no_account
adanconley.is-great.net,DEAD_no_account
adanherring.is-best.net,DEAD_no_account
adanzava.is-great.net,DEAD_no_account
adapham.lovestoblog.com,DEAD_no_account
addiemcpherson.lovestoblog.com,DEAD_no_account
addilynmitchell.kesug.com,DEAD_no_account
addysonpittman.is-best.net,DEAD_no_account
adelecooley.iblogger.org,DEAD_no_account
adelmoprivitera.is-best.net,DEAD_no_account
adelynmaddox.wuaze.com,DEAD_no_account
adeptarctic.totalh.net,DEAD_no_account
adolfstienstra.great-site.net,DEAD_no_account
adolphjacobs.great-site.net,DEAD_no_account
adrianapennington.is-best.net,DEAD_no_account
adrianbock.is-great.org,DEAD_no_account
adrianbuckley.iblogger.org,DEAD_no_account
adriannamartinez.lovestoblog.com,DEAD_no_account
adrianpatrick.lovestoblog.com,DEAD_no_account
adrielwiley.iblogger.org,DEAD_no_account
adriennecain.is-great.net,DEAD_no_account
adrienneheijdra.is-great.org,DEAD_no_account
advancenews.iblogger.org,DEAD_no_account
advocatethelogwarts.is-great.net,DEAD_no_account
aegisaurora.iblogger.org,DEAD_no_account
agatinacappelletti.great-site.net,ALIVE
agentanalysis.rf.gd,ALIVE
agentanalysis.synergize.co,DEAD_no_account
aglayarocha.my-style.in,DEAD_no_account
agnesdunn.is-best.net,DEAD_no_account
agustinself.nichesite.org,DEAD_no_account
ahmadhogan.is-great.org,DEAD_no_account
ahmadkhan.lovestoblog.com,DEAD_no_account
ahmadmaclean.is-great.net,DEAD_no_account
ahmadrader.wuaze.com,DEAD_no_account
ahmadrouse.fast-page.org,DEAD_no_account
ahmadweaver.is-great.net,DEAD_no_account
ahmedparvez.fanclub.rocks,DEAD_no_account
ahmedpittman.iblogger.org,DEAD_no_account
aidanalganof.is-great.org,DEAD_no_account
aidangoodchap.is-great.net,DEAD_no_account
aidannemarluk.is-best.net,DEAD_no_account
aidanwiseman.wuaze.com,DEAD_no_account
aidawu.great-site.net,DEAD_no_account
aidenburnell.great-site.net,ALIVE
aidenharms.is-best.net,DEAD_no_account
aidenjephcot.great-site.net,ALIVE
aidenlouat.wuaze.com,DEAD_no_account
aidenplunkett.is-great.net,DEAD_no_account
aidenrivera.wuaze.com,DEAD_no_account
aidenwright.lovestoblog.com,DEAD_no_account
aileenmedley.iblogger.org,DEAD_no_account
ainhoapaacios.lovestoblog.com,DEAD_no_account
ainhoarobles.kesug.com,DEAD_no_account
aishacarroll.kesug.com,DEAD_no_account
aishachung.wuaze.com,DEAD_no_account
aishahiggins.is-great.net,DEAD_no_account
aislinndaniels.iblogger.org,DEAD_no_account
aiyannahouse.kesug.com,DEAD_no_account
ajijowens.is-best.net,DEAD_no_account
ajlachaudhary.great-site.net,DEAD_no_account
ajlachaudhary.iblogger.org,DEAD_no_account
alainrowe.great-site.net,DEAD_no_account
alaminzaman.great-site.net,DEAD_no_account
alanakossak.lovestoblog.com,DEAD_no_account
alanpiper.great-site.net,DEAD_no_account
alanreid.is-great.net,DEAD_no_account
alanturgeon.iblogger.org,DEAD_no_account
alayaharrison.wuaze.com,DEAD_no_account
albamosley.iblogger.org,DEAD_no_account
albertabaraldi.is-great.net,DEAD_no_account
albertkrueger.lovestoblog.com,DEAD_no_account
albertobridges.is-great.net,DEAD_no_account
albertofigu.lovestoblog.com,DEAD_no_account
albertosaba.iblogger.org,DEAD_no_account
albertovilla.is-great.net,DEAD_no_account
albinagrieco.is-great.org,DEAD_no_account
albinegrill.iblogger.org,DEAD_no_account
alchemistarctic.iblogger.org,DEAD_no_account
aleawharton.my-board.org,DEAD_no_account
alecwells.iblogger.org,DEAD_no_account
aledlara.kesug.com,DEAD_no_account
aleenawahl.wuaze.com,DEAD_no_account
alejandroshah.is-great.net,DEAD_no_account
alejasteele.iblogger.org,DEAD_no_account
aleksiparnela.great-site.net,DEAD_no_account
alelowe.is-best.net,DEAD_no_account
alenaheinz.great-site.net,DEAD_no_account
alenakim.lovestoblog.com,DEAD_no_account
alendersaenger.lovestoblog.com,DEAD_no_account
aleshadorn.my-board.org,DEAD_no_account
alessblack.is-great.org,DEAD_no_account
alessiacull.wuaze.com,DEAD_no_account
alessiahickman.kesug.com,DEAD_no_account
alessialittle.is-great.net,DEAD_no_account
alexaarenas.wuaze.com,DEAD_no_account
alexanderpeel.great-site.net,DEAD_no_account
alexanderxu.great-site.net,DEAD_no_account
alexandralambert.is-best.net,DEAD_no_account
alexanvargas.is-best.net,DEAD_no_account
alexcavalli.wuaze.com,DEAD_no_account
alexcurtis.wuaze.com,DEAD_no_account
alexhahn.wuaze.com,DEAD_no_account
alexhartnett.wuaze.com,DEAD_no_account
alexisgriffiths.great-site.net,DEAD_no_account
alexmiller.great-site.net,DEAD_no_account
alexreyno.is-great.org,DEAD_no_account
alexshaw.is-best.net,DEAD_no_account
alfiabarra.great-site.net,DEAD_no_account
alfonsinamari.wuaze.com,DEAD_no_account
alfonsjauk.iblogger.org,DEAD_no_account
alfonsogalvez.likesyou.org,DEAD_no_account
alfredadoyle.lovestoblog.com,DEAD_no_account
alfredfletc.is-great.org,DEAD_no_account
alfredhagan.kesug.com,DEAD_no_account
alfredhogan.lovestoblog.com,DEAD_no_account
aliaely.is-great.org,DEAD_no_account
aliaharrington.iblogger.org,DEAD_no_account
alianacalabrese.my-board.org,DEAD_no_account
alicagrice.great-site.net,DEAD_no_account
alicaraymond.great-site.net,DEAD_no_account
alicedawson.is-best.net,DEAD_no_account
alicelang.lovestoblog.com,DEAD_no_account
aliciafewings.kesug.com,DEAD_no_account
aliciamorley.wuaze.com,DEAD_no_account
aliciaparsons.wuaze.com,DEAD_no_account
alicreamer.great-site.net,DEAD_no_account
alicrick.kesug.com,DEAD_no_account
aligreiner.is-great.net,DEAD_no_account
alinasparks.iblogger.org,DEAD_no_account
aliraymond.is-great.net,DEAD_no_account
alisamorrison.is-great.net,DEAD_no_account
alishabrooks.lovestoblog.com,DEAD_no_account
alishachavez.is-best.net,DEAD_no_account
alishajackson.lovestoblog.com,DEAD_no_account
alishamondrag.lovestoblog.com,DEAD_no_account
alishamorrison.wuaze.com,DEAD_no_account
alisonenns.lovestoblog.com,DEAD_no_account
alisonware.great-site.net,DEAD_no_account
alistace.is-great.org,DEAD_no_account
alister.kesug.com,DEAD_no_account
alistewart.lovestoblog.com,DEAD_no_account
alisullivan.is-best.net,DEAD_no_account
aliviabyrd.is-best.net,DEAD_no_account
alivialiu.kesug.com,DEAD_no_account
aliyahleon.wuaze.com,DEAD_no_account
aliyahmorse.wuaze.com,DEAD_no_account
aliyanhercus.lovestoblog.com,DEAD_no_account
aliyaryan.is-great.org,DEAD_no_account
alizacline.wuaze.com,DEAD_no_account
alizavillalobos.iblogger.org,DEAD_no_account
allanbucha.iblogger.org,DEAD_no_account
allenfarrow.is-great.net,DEAD_no_account
allenharding.is-great.net,DEAD_no_account
alliballard.is-best.net,DEAD_no_account
allisonbarber.wuaze.com,DEAD_no_account
allisonhayes.lovestoblog.com,DEAD_no_account
alloyauror.my-style.in,DEAD_no_account
alloyaurora.talk4fun.net,DEAD_no_account
allysahargis.wuaze.com,DEAD_no_account
almaowens.iblogger.org,DEAD_no_account
aloisbonetti.iblogger.org,DEAD_no_account
alonsoriggs.lovestoblog.com,DEAD_no_account
alorablanken.great-site.net,DEAD_no_account
alphonsomeyer.is-great.net,DEAD_no_account
altamontoya.is-great.org,DEAD_no_account
alvarochase.is-best.net,DEAD_no_account
alvaroguzman.great-site.net,DEAD_no_account
alvaronorris.is-great.net,DEAD_no_account
alvarorojas.is-great.net,DEAD_no_account
alvincrooks.is-great.org,DEAD_no_account
alwinhandl.is-great.net,DEAD_no_account
alysiamalcolm.kesug.com,DEAD_no_account
alyssafrederic.is-great.net,DEAD_no_account
alyssaschmidt.is-great.net,DEAD_no_account
amadapascual.is-best.net,DEAD_no_account
amaliaswisher.wuaze.com,DEAD_no_account
amaliecarlsen.is-great.net,DEAD_no_account
amandaavila.great-site.net,DEAD_no_account
amandaowens.lovestoblog.com,DEAD_no_account
amarahaynes.great-site.net,DEAD_no_account
amaralaughlin.kesug.com,DEAD_no_account
amarferell.iblogger.org,DEAD_no_account
amarigill.is-great.net,DEAD_no_account
amarijacobsen.great-site.net,DEAD_no_account
amarilin.kesug.com,DEAD_no_account
amarimedina.wuaze.com,DEAD_no_account
amarimosier.wuaze.com,DEAD_no_account
amaripeters.is-great.org,DEAD_no_account
amariswade.is-great.net,DEAD_no_account
amariswiggins.kesug.com,DEAD_no_account
amayahardin.lovestoblog.com,DEAD_no_account
amayahkemp.kesug.com,DEAD_no_account
amayaterrell.lovestoblog.com,DEAD_no_account
amberabbott.is-best.net,DEAD_no_account
amberchandler.wuaze.com,DEAD_no_account
ambercroft.lovestoblog.com,DEAD_no_account
ambergraves.is-best.net,DEAD_no_account
amberpaulson.lovestoblog.com,DEAD_no_account
ambroserodgers.iblogger.org,DEAD_no_account
ambrosiosalas.wuaze.com,DEAD_no_account
ameliaclarke.wuaze.com,DEAD_no_account
ameliakerr.wuaze.com,DEAD_no_account
amelialewis.iblogger.org,DEAD_no_account
ameliamorgan.is-great.net,DEAD_no_account
ameliaogden.iblogger.org,DEAD_no_account
ameliemalkus.great-site.net,DEAD_no_account
amerigoboscolo.lovestoblog.com,DEAD_no_account
amieherman.great-site.net,DEAD_no_account
aminaball.wuaze.com,DEAD_no_account
aminahayes.great-site.net,DEAD_no_account
aminkirby.great-site.net,DEAD_no_account
amiramartz.is-best.net,DEAD_no_account
amirmitchell.is-great.org,DEAD_no_account
amiyahlevy.wuaze.com,DEAD_no_account
amossherman.is-great.net,DEAD_no_account
amparoroblero.is-great.net,DEAD_no_account
ampbellkristic.great-site.net,DEAD_no_account
amycoates.lovestoblog.com,DEAD_no_account
amygoulet.is-best.net,DEAD_no_account
amylaroche.is-best.net,DEAD_no_account
amypaterson.kesug.com,ALIVE
amypeacock.great-site.net,DEAD_no_account
amyzuniga.is-best.net,DEAD_no_account
anabelfleischmann.iblogger.org,DEAD_no_account
anaisperkins.wuaze.com,DEAD_no_account
anaissheppard.lovestoblog.com,DEAD_no_account
anakacavalcanti.fast-page.org,ALIVE
analiahanna.great-site.net,DEAD_no_account
analianolan.great-site.net,DEAD_no_account
anasimmons.kesug.com,DEAD_no_account
anastabazan.is-great.net,DEAD_no_account
anastasia.is-best.net,DEAD_no_account
anaworrall.great-site.net,DEAD_no_account
anayabush.kesug.com,DEAD_no_account
anchorthejogwarts.kesug.com,DEAD_no_account
andershansen.great-site.net,DEAD_no_account
andersonboyle.lovestoblog.com,DEAD_no_account
andersonmann.kesug.com,DEAD_no_account
andersonwilliam.is-great.org,DEAD_no_account
andilowery.iblogger.org,DEAD_no_account
andreagartner.iblogger.org,DEAD_no_account
andreaholzman.nichesite.org,DEAD_no_account
andrealamb.wuaze.com,DEAD_no_account
andreapeake.is-great.net,DEAD_no_account
andreasgibson.wuaze.com,DEAD_no_account
andreaslamb.wuaze.com,DEAD_no_account
andreawilcox.kesug.com,DEAD_no_account
andrecordell.lovestoblog.com,DEAD_no_account
andremahler.iblogger.org,DEAD_no_account
andresfowler.is-great.net,DEAD_no_account
andrespollard.likesyou.org,DEAD_no_account
andrethegrant.nichesite.org,DEAD_no_account
andrewblanc.is-best.net,ALIVE
andrewcani.great-site.net,DEAD_no_account
andrewclark.iblogger.org,ALIVE
andrewcleary.nichesite.org,DEAD_no_account
andrewduran.iblogger.org,DEAD_no_account
andrewrocha.is-best.net,DEAD_no_account
andrewsherwin.is-great.org,DEAD_no_account
andrewvalenz.iblogger.org,DEAD_no_account
anelhino.is-best.net,DEAD_no_account
angelaarnold.wuaze.com,DEAD_no_account
angelamartin.wuaze.com,ALIVE
angelblackmon.is-best.net,DEAD_no_account
angelforeman.great-site.net,DEAD_no_account
angelicakim.lovestoblog.com,DEAD_no_account
angelicameron.kesug.com,DEAD_no_account
angeliquevargas.kesug.com,DEAD_no_account
angelitablas.kesug.com,ALIVE
angelitarivas.lovestoblog.com,DEAD_no_account
angelocarey.is-great.org,DEAD_no_account
angelolandry.is-best.net,DEAD_no_account
angelospencer.lovestoblog.com,DEAD_no_account
angelpadilla.wuaze.com,DEAD_no_account
angelpaul.is-great.org,DEAD_no_account
angelrobinson.great-site.net,DEAD_no_account
angelstaff.is-best.net,DEAD_no_account
angiechung.is-best.net,DEAD_no_account
angienorton.lovestoblog.com,DEAD_no_account
angusboehm.is-great.org,ALIVE
angushenning.is-best.net,DEAD_no_account
angusmontford.is-great.org,DEAD_no_account
angusspargo.is-great.net,DEAD_no_account
anguswilding.lovestoblog.com,DEAD_no_account
anikabrennan.great-site.net,DEAD_no_account
anikainfante.is-best.net,DEAD_no_account
anisablogg.lovestoblog.com,DEAD_no_account
anissalemus.great-site.net,DEAD_no_account
anitaalcan.wuaze.com,DEAD_no_account
anitatrottier.kesug.com,DEAD_no_account
aniyajohnson.lovestoblog.com,DEAD_no_account
aniyapadilla.lovestoblog.com,DEAD_no_account
anjaklug.is-great.net,DEAD_no_account
anjaschmid.fanclub.rocks,DEAD_no_account
annabellaponce.is-great.org,DEAD_no_account
annabelrobles.great-site.net,DEAD_no_account
annaburke.lovestoblog.com,DEAD_no_account
annaleak.great-site.net,ALIVE
annamenard.great-site.net,DEAD_no_account
annamurazi.kesug.com,DEAD_no_account
anneholtzmann.wuaze.com,DEAD_no_account
annemeadows.great-site.net,DEAD_no_account
annerebel.is-great.net,DEAD_no_account
annesosa.is-best.net,DEAD_no_account
annetteholman.infinityfree.me,UNCERTAIN_timeout
annettemonroe.great-site.net,DEAD_no_account
annettkappel.lovestoblog.com,DEAD_no_account
annewagor.is-great.net,DEAD_no_account
annickphillips.is-great.net,DEAD_no_account
annieallen.great-site.net,DEAD_no_account
annielemire.fast-page.org,DEAD_no_account
annieroberts.wuaze.com,DEAD_no_account
annoneill.wuaze.com,DEAD_no_account
annybkternews.iblogger.org,DEAD_no_account
anthonyadam.lovestoblog.com,DEAD_no_account
anthonydumais.lovestoblog.com,DEAD_no_account
anthonynorris.is-great.net,DEAD_no_account
anthonyoddie.lovestoblog.com,DEAD_no_account
anthonysmall.is-best.net,DEAD_no_account
anthonystarling.is-great.org,DEAD_no_account
anthonysuther.is-great.net,DEAD_no_account
antoinehoffman.iblogger.org,DEAD_no_account
antoinevincent.great-site.net,DEAD_no_account
antonbiffi.is-best.net,DEAD_no_account
antoncoy.lovestoblog.com,DEAD_no_account
antonejuarez.is-great.net,DEAD_no_account
antonelloangelo.wuaze.com,DEAD_no_account
antoniastein.iblogger.org,DEAD_no_account
antoniohunter.lovestoblog.com,DEAD_no_account
antonioreiter.is-best.net,DEAD_no_account
antoniovillavicencio.great-site.net,DEAD_no_account
antonsteurer.lovestoblog.com,DEAD_no_account
antonycole.great-site.net,DEAD_no_account
antostark.is-great.net,DEAD_no_account
anyaavalos.great-site.net,DEAD_no_account
apollomeza.is-best.net,DEAD_no_account
appealcommercial.is-great.net,DEAD_no_account
aprilbrooks.lovestoblog.com,DEAD_no_account
aqsacruz.lovestoblog.com,DEAD_no_account
aquablaze.great-site.net,DEAD_no_account
aracelisosa.wuaze.com,DEAD_no_account
arcadiobucio.is-great.org,DEAD_no_account
arcadioleija.is-great.net,DEAD_no_account
arceliaontiveros.kesug.com,ALIVE
archeraurora.is-great.net,DEAD_no_account
archeraurora.mydiscussion.net,DEAD_no_account
archerburnage.great-site.net,DEAD_no_account
archerleigh.wuaze.com,DEAD_no_account
archermcgowen.lovestoblog.com,DEAD_no_account
archerselfe.lovestoblog.com,DEAD_no_account
archerstein.kesug.com,DEAD_no_account
archiedufield.my-style.in,DEAD_no_account
archiehansen.is-best.net,DEAD_no_account
archiekerry.is-great.org,DEAD_no_account
archielatrobe.is-great.org,DEAD_no_account
archiemeyer.lovestoblog.com,DEAD_no_account
archiemonds.lovestoblog.com,DEAD_no_account
archieryland.wuaze.com,DEAD_no_account
archievezina.iblogger.org,DEAD_no_account
archramurano.is-great.net,DEAD_no_account
arcticadept.iblogger.org,ALIVE
arcticadept.my-style.in,DEAD_no_account
arcticalchemis.is-best.net,DEAD_no_account
arcticalchemist.my-board.org,DEAD_no_account
arcticalchemist.my-style.in,DEAD_no_account
arcticalchemist.nichesite.org,DEAD_no_account
arcticalchemist.wuaze.com,DEAD_no_account
arcticartisa.totalh.net,DEAD_no_account
arcticartisan.great-site.net,DEAD_no_account
arcticartisan.is-great.net,DEAD_no_account
arcticaurora.iblogger.org,DEAD_no_account
arcticaurora.is-best.net,DEAD_no_account
arcticbdepta.loveslife.biz,DEAD_no_account
ardenmenendez.is-great.org,DEAD_no_account
arelimagana.is-great.org,DEAD_no_account
arelycaputo.is-best.net,DEAD_no_account
aresdavid.is-great.org,DEAD_no_account
arianapratt.wuaze.com,DEAD_no_account
arianicholson.great-site.net,DEAD_no_account
ariannal.great-site.net,DEAD_no_account
ariannapratt.iblogger.org,DEAD_no_account
arielalfaro.iblogger.org,DEAD_no_account
arielleherman.iblogger.org,DEAD_no_account
arielletyler.wuaze.com,DEAD_no_account
arielsantana.is-best.net,DEAD_no_account
ariesbean.is-great.org,DEAD_no_account
ariyamurillo.kesug.com,DEAD_no_account
arlethlindquist.kesug.com,DEAD_no_account
arloanthedusk.iblogger.org,DEAD_no_account
arlodusk.wuaze.com,DEAD_no_account
arlodusks.nichesite.org,DEAD_no_account
armandaferrara.iblogger.org,DEAD_no_account
armandbrisson.iblogger.org,DEAD_no_account
armandlaporte.is-best.net,DEAD_no_account
armandocoffey.iblogger.org,DEAD_no_account
armangowin.is-great.net,DEAD_no_account
armanicarter.is-great.net,DEAD_no_account
armaniwise.great-site.net,DEAD_no_account
armanwells.great-site.net,DEAD_no_account
armstrongmanuel.lovestoblog.com,DEAD_no_account
arnaldoruocco.kesug.com,DEAD_no_account
arnoldbreaux.wuaze.com,DEAD_no_account
arnulfoliu.wuaze.com,DEAD_no_account
artemisho.kesug.com,DEAD_no_account
arthurjeffery.iblogger.org,DEAD_no_account
arthursavage.wuaze.com,DEAD_no_account
arthurvasic.is-great.net,DEAD_no_account
artisanarctic.mydiscussion.net,DEAD_no_account
artisanarctic.nichesite.org,DEAD_no_account
arturodelli.kesug.com,DEAD_no_account
arturoserrano.wuaze.com,DEAD_no_account
aryannafarlan.is-great.net,DEAD_no_account
asaluna.is-best.net,DEAD_no_account
asasims.wuaze.com,DEAD_no_account
asavang.is-great.org,DEAD_no_account
asd.com,UNCERTAIN_timeout
ashermalone.is-best.net,DEAD_no_account
ashleesosa.is-best.net,DEAD_no_account
ashleighburton.kesug.com,DEAD_no_account
ashlibrinkley.kesug.com,DEAD_no_account
ashliecrump.is-great.org,DEAD_no_account
ashlilin.iblogger.org,DEAD_no_account
ashlinmccurdy.is-great.net,DEAD_no_account
ashlynconrad.great-site.net,DEAD_no_account
ashtonfox.wuaze.com,DEAD_no_account
ashtonspears.is-best.net,ALIVE
asktoh.lovestoblog.com,DEAD_no_account
aspenclayton.wuaze.com,DEAD_no_account
aspynlivingston.lovestoblog.com,DEAD_no_account
astraladventurer.great-site.net,DEAD_no_account
astralalchemist.likesyou.org,DEAD_no_account
astralaura.great-site.net,DEAD_no_account
astridosorio.lovestoblog.com,DEAD_no_account
asuncionavendano.is-great.org,DEAD_no_account
atedupmondo.lovestoblog.com,ALIVE
athenaleonard.kesug.com,DEAD_no_account
athenamerritt.kesug.com,DEAD_no_account
athenastalling.is-great.org,DEAD_no_account
athenatruji.is-great.net,DEAD_no_account
atlantaadvocate.lovestoblog.com,DEAD_no_account
atlantamercury.synergize.co,DEAD_no_account
atlantaoptimis.wuaze.com,DEAD_no_account
atlantasounder.great-site.net,DEAD_no_account
atreuscordova.is-best.net,DEAD_no_account
attiretalknews.fanclub.rocks,DEAD_no_account
attorehefline.great-site.net,DEAD_no_account
aubriegoodwin.lovestoblog.com,DEAD_no_account
audreymoreno.lovestoblog.com,DEAD_no_account
audreynorton.kesug.com,DEAD_no_account
audreypreece.great-site.net,DEAD_no_account
augment.lovestoblog.com,DEAD_no_account
augmentmonser.wuaze.com,DEAD_no_account
augusttrejo.lovestoblog.com,DEAD_no_account
auntierecipes.great-site.net,DEAD_no_account
aureliaalonso.wuaze.com,ALIVE
aureliacorsi.iblogger.org,DEAD_no_account
aurelianoble.wuaze.com,DEAD_no_account
aurelioalexander.is-best.net,DEAD_no_account
auroraaegis.is-great.net,DEAD_no_account
auroraaegis.my-board.org,ALIVE
auroraaegis.nichesite.org,DEAD_no_account
auroraaether.my-board.org,DEAD_no_account
auroraallo.totalh.net,DEAD_no_account
auroraalloy.great-site.net,DEAD_no_account
auroraalloy.is-best.net,DEAD_no_account
auroraalloy.my-board.org,DEAD_no_account
auroraarcher.is-great.net,DEAD_no_account
auroraarcher.social-networking.me,ALIVE
auroraarchitect.iblogger.org,DEAD_no_account
auroraborealis.wuaze.com,DEAD_no_account
auroradickerson.wuaze.com,DEAD_no_account
aurorafserver.great-site.net,DEAD_no_account
auroramist.is-best.net,DEAD_no_account
auroraware.lovestoblog.com,DEAD_no_account
austemosher.my-board.org,DEAD_no_account
austinarnold.is-best.net,DEAD_no_account
austingarland.my-style.in,DEAD_no_account
austinhowey.lovestoblog.com,ALIVE
austinwilliams.is-great.net,DEAD_no_account
avamathis.wuaze.com,DEAD_no_account
avanewton.wuaze.com,DEAD_no_account
avelinagirons.iblogger.org,DEAD_no_account
averigreene.lovestoblog.com,DEAD_no_account
avianamorse.lovestoblog.com,DEAD_no_account
avianapruitt.kesug.com,DEAD_no_account
avianawalter.is-great.net,DEAD_no_account
axelflynn.wuaze.com,DEAD_no_account
axelhayes.lovestoblog.com,DEAD_no_account
axellambert.iblogger.org,DEAD_no_account
axlcurry.iblogger.org,DEAD_no_account
axlfriedman.is-great.net,DEAD_no_account
ayaankane.is-great.net,DEAD_no_account
ayaanmosley.is-great.org,DEAD_no_account
ayaibarra.lovestoblog.com,DEAD_no_account
aydenkenna.wuaze.com,DEAD_no_account
aydinbeck.iblogger.org,DEAD_no_account
aydinmiranda.is-best.net,DEAD_no_account
aydinroy.is-great.net,DEAD_no_account
ayleenhartman.kesug.com,DEAD_no_account
azariahgibson.is-great.net,DEAD_no_account
azielrobles.is-great.net,DEAD_no_account
azraelmonroe.is-great.net,DEAD_no_account
babicmikolina.iblogger.org,DEAD_no_account
babygirlclark.kesug.com,DEAD_no_account
backstreamnews.great-site.net,DEAD_no_account
backstreams.lovestoblog.com,DEAD_no_account
baileebatson.is-great.org,DEAD_no_account
bailekonope.iblogger.org,DEAD_no_account
baileybond.my-board.org,DEAD_no_account
baileyprichard.is-great.net,DEAD_no_account
baileysalier.kesug.com,DEAD_no_account
baileyteichelman.is-great.org,DEAD_no_account
baileythedavid.lovestoblog.com,DEAD_no_account
bailthedaily.fanclub.rocks,DEAD_no_account
bailydeitgeist.wuaze.com,DEAD_no_account
bakersparks.is-best.net,DEAD_no_account
bakopoetilka.my-style.in,DEAD_no_account
balestrend.wuaze.com,DEAD_no_account
bangkokthepost.is-great.org,DEAD_no_account
bangthekokpost.nichesite.org,DEAD_no_account
barbaraallen.iblogger.org,DEAD_no_account
barbaramay.is-best.net,DEAD_no_account
barbarataylor.kesug.com,DEAD_no_account
bardengartynews.loveslife.biz,DEAD_no_account
barishliananews.fast-page.org,DEAD_no_account
barneywells.is-best.net,DEAD_no_account
barthoward.lovestoblog.com,DEAD_no_account
bartlandry.is-great.org,DEAD_no_account
basterkarket.wuaze.com,DEAD_no_account
batementul.is-great.net,DEAD_no_account
battibianchi.lovestoblog.com,DEAD_no_account
bavierskinner.great-site.net,DEAD_no_account
beachflapostpalm.nichesite.org,DEAD_no_account
beardickerson.iblogger.org,DEAD_no_account
beatnewsbiz.kesug.com,DEAD_no_account
beatricecardone.is-best.net,DEAD_no_account
beaucantor.loveslife.biz,DEAD_no_account
beaudwight.lovestoblog.com,DEAD_no_account
beaufenton.kesug.com,DEAD_no_account
beaupearse.is-best.net,DEAD_no_account
beckypaul.is-best.net,DEAD_no_account
beenewsbreva.totalh.net,DEAD_no_account
belencameron.kesug.com,DEAD_no_account
belensolis.great-site.net,DEAD_no_account
belfastthenegraph.great-site.net,DEAD_no_account
belindaezina.iblogger.org,DEAD_no_account
belindamcphe.kesug.com,DEAD_no_account
bellahernsheim.wuaze.com,DEAD_no_account
bellamullins.great-site.net,DEAD_no_account
bellamyreilly.is-best.net,DEAD_no_account
bellasharland.is-best.net,ALIVE
bellavaughn.iblogger.org,DEAD_no_account
benburkitt.lovestoblog.com,DEAD_no_account
benharber.wuaze.com,DEAD_no_account
beniciovargas.iblogger.org,DEAD_no_account
benitadavies.lovestoblog.com,DEAD_no_account
benitamaxwell.is-great.net,DEAD_no_account
benjamin.lovestoblog.com,DEAD_no_account
benjaminburford.wuaze.com,DEAD_no_account
benjamineades.is-best.net,DEAD_no_account
benjaminheathershaw.is-great.org,DEAD_no_account
benjaminhurgman.kesug.com,DEAD_no_account
benjaminkoch.is-best.net,DEAD_no_account
benjaminlambert.is-great.net,DEAD_no_account
benjaminmurray.great-site.net,DEAD_no_account
benjaminpullman.lovestoblog.com,ALIVE
benjamintakasuka.lovestoblog.com,DEAD_no_account
benjaminvaldez.kesug.com,DEAD_no_account
benmaltais.my-style.in,DEAD_no_account
bennettdiaz.is-great.net,DEAD_no_account
bennyburnett.kesug.com,DEAD_no_account
benoitdavies.my-style.in,DEAD_no_account
benoitdesmarais.iblogger.org,DEAD_no_account
benstodard.fanclub.rocks,DEAD_no_account
bentebertie.great-site.net,DEAD_no_account
bentetright.lovestoblog.com,DEAD_no_account
benthring.great-site.net,ALIVE
bentleysantana.wuaze.com,DEAD_no_account
bentonbooker.great-site.net,DEAD_no_account
bentuspark.synergize.co,DEAD_no_account
benvickers.is-great.net,DEAD_no_account
benvondoussa.great-site.net,DEAD_no_account
berardinoardo.is-great.net,DEAD_no_account
berenpaul.lovestoblog.com,DEAD_no_account
bernabaines.lovestoblog.com,DEAD_no_account
bernahull.is-great.net,DEAD_no_account
bernamarshall.iblogger.org,DEAD_no_account
bernardchase.lovestoblog.com,DEAD_no_account
bernardonewton.is-great.net,DEAD_no_account
bernardrichar.iblogger.org,DEAD_no_account
berndkuhn.wuaze.com,DEAD_no_account
berndmaier.is-great.org,DEAD_no_account
berndscher.my-style.in,DEAD_no_account
bernicedicker.great-site.net,DEAD_no_account
berniceforbes.is-best.net,DEAD_no_account
berniceperkins.kesug.com,DEAD_no_account
bersunvancou.my-style.in,DEAD_no_account
berthalove.kesug.com,DEAD_no_account
berthatorre.is-great.net,DEAD_no_account
bertrammason.is-great.net,DEAD_no_account
bertroberts.wuaze.com,DEAD_no_account
berymartin.is-great.org,DEAD_no_account
bessiegalloway.great-site.net,DEAD_no_account
bethmayer.kesug.com,DEAD_no_account
betsybarrien.wuaze.com,DEAD_no_account
betsymejia.iblogger.org,DEAD_no_account
bettiebright.is-best.net,DEAD_no_account
bettieriley.kesug.com,DEAD_no_account
bettyatkins.is-best.net,DEAD_no_account
beverleybruce.lovestoblog.com,DEAD_no_account
beverlystanley.kesug.com,DEAD_no_account
bevonovimetla.great-site.net,DEAD_no_account
bharttoppers.totalh.net,DEAD_no_account
bhroniclevareer.is-great.net,DEAD_no_account
biagiafazio.wuaze.com,DEAD_no_account
biancastrong.kesug.com,DEAD_no_account
biancopascale.kesug.com,DEAD_no_account
bibianapointner.great-site.net,DEAD_no_account
bilaldoyle.is-great.org,DEAD_no_account
biljanaleutgeb.kesug.com,DEAD_no_account
billiepage.is-best.net,DEAD_no_account
billybright.is-best.net,DEAD_no_account
billygarrison.is-great.net,DEAD_no_account
birmintheghamail.nichesite.org,DEAD_no_account
bisculturenews.wuaze.com,DEAD_no_account
bishal.com,UNCERTAIN_timeout
bisionaryvibrant.is-best.net,DEAD_no_account
bityscopnews.fast-page.org,DEAD_no_account
bizbeatnews.wuaze.com,DEAD_no_account
blagokos.lovestoblog.com,ALIVE
blainefischer.iblogger.org,DEAD_no_account
blainemeehan.great-site.net,DEAD_no_account
blainetrevino.great-site.net,DEAD_no_account
blairballard.kesug.com,DEAD_no_account
blakeavery.is-best.net,DEAD_no_account
blakebruce.great-site.net,DEAD_no_account
blakecameron.is-great.net,DEAD_no_account
blakelydyer.great-site.net,DEAD_no_account
blakemathy.great-site.net,DEAD_no_account
blakerussell.great-site.net,DEAD_no_account
blakesutton.great-site.net,DEAD_no_account
blancaleonard.wuaze.com,DEAD_no_account
blanchcastro.wuaze.com,DEAD_no_account
blanchehuffman.is-best.net,DEAD_no_account
blaynenevarez.likesyou.org,DEAD_no_account
blazebliss.talk4fun.net,ALIVE
blazebliss.totalh.net,DEAD_no_account
blazebloom.is-great.net,DEAD_no_account
blazebloom.lovestoblog.com,DEAD_no_account
blazebloom.wuaze.com,DEAD_no_account
blazeblossom.lovestoblog.com,DEAD_no_account
blazebol.lovestoblog.com,DEAD_no_account
blazebolt.great-site.net,DEAD_no_account
blazebolt.lovestoblog.com,DEAD_no_account
blazebolt.wuaze.com,DEAD_no_account
blazebree.iblogger.org,DEAD_no_account
blazebreez.iblogger.org,DEAD_no_account
blazebreeze.is-best.net,DEAD_no_account
blazebreeze.lovestoblog.com,DEAD_no_account
blazebreeze.my-style.in,DEAD_no_account
blazebreeze.nichesite.org,DEAD_no_account
blazebright.is-best.net,DEAD_no_account
blazebright.kesug.com,DEAD_no_account
blazebright.nichesite.org,DEAD_no_account
blazebrillianc.kesug.com,ALIVE
blazebrilliance.iblogger.org,DEAD_no_account
blazebrilliance.kesug.com,DEAD_no_account
blazebrilliance.wuaze.com,DEAD_no_account
blazecascade.my-board.org,DEAD_no_account
blazeklisalon.fast-page.org,DEAD_no_account
blazeseaconle.is-great.org,DEAD_no_account
blebur.great-site.net,DEAD_no_account
bleekdtyle.kesug.com,DEAD_no_account
blissblaze.is-best.net,DEAD_no_account
blissblaze.nichesite.org,DEAD_no_account
bloomblaze.kesug.com,DEAD_no_account
bloomblaze.lovestoblog.com,DEAD_no_account
bobbiepearson.iblogger.org,DEAD_no_account
bobbyperkins.is-best.net,DEAD_no_account
bodedelacruz.is-great.net,DEAD_no_account
bodeweiss.iblogger.org,DEAD_no_account
bogdanzehetner.is-best.net,DEAD_no_account
boltblaze.great-site.net,DEAD_no_account
bonivilchis.lovestoblog.com,DEAD_no_account
bonniecline.great-site.net,DEAD_no_account
bonniesherman.is-great.org,DEAD_no_account
bookerpalmer.wuaze.com,DEAD_no_account
booneramos.is-great.net,DEAD_no_account
boosterjogwarts.is-great.org,DEAD_no_account
bostonglobe.totalh.net,DEAD_no_account
bostongthelobe.wuaze.com,DEAD_no_account
bostonherald.is-great.net,DEAD_no_account
bostonknight.is-great.net,DEAD_no_account
bostonvo.iblogger.org,DEAD_no_account
bouriercelestial.mydiscussion.net,DEAD_no_account
bowmanalexan.iblogger.org,DEAD_no_account
boydcamilla.iblogger.org,DEAD_no_account
bpicenternews.wuaze.com,DEAD_no_account
bradenryan.is-great.net,DEAD_no_account
bradfordmatthews.is-great.net,DEAD_no_account
bradleyrees.is-great.org,DEAD_no_account
bradleyshepherd.is-best.net,DEAD_no_account
bradlypedraza.iblogger.org,DEAD_no_account
bradneil.wuaze.com,DEAD_no_account
bradyhinton.iblogger.org,DEAD_no_account
bradymaldon.is-best.net,DEAD_no_account
braedenmayer.kesug.com,DEAD_no_account
braelynnbean.lovestoblog.com,DEAD_no_account
braelynvarga.lovestoblog.com,DEAD_no_account
brainatkinson.iblogger.org,DEAD_no_account
brandonmcgrath.iblogger.org,DEAD_no_account
brandonwilson.iblogger.org,DEAD_no_account
brandybeaton.is-great.net,DEAD_no_account
brandyclements.is-best.net,DEAD_no_account
brandynhaley.kesug.com,DEAD_no_account
brantleykhan.iblogger.org,DEAD_no_account
brantweston.iblogger.org,DEAD_no_account
bravewheelthe.kesug.com,DEAD_no_account
brayanscully.kesug.com,DEAD_no_account
braydenhilder.lovestoblog.com,DEAD_no_account
braydenslatery.lovestoblog.com,ALIVE
breanadaily.lovestoblog.com,DEAD_no_account
breezeblaz.totalh.net,DEAD_no_account
brendaglass.is-best.net,DEAD_no_account
brendanbaird.iblogger.org,DEAD_no_account
brendanblack.wuaze.com,DEAD_no_account
brendansharp.lovestoblog.com,DEAD_no_account
brendenrichard.is-great.org,DEAD_no_account
brendonpalmer.is-great.net,DEAD_no_account
brennangallo.iblogger.org,DEAD_no_account
brennanharmon.is-best.net,DEAD_no_account
brennenlind.wuaze.com,DEAD_no_account
brentnair.lovestoblog.com,DEAD_no_account
brentonulrich.lovestoblog.com,DEAD_no_account
bretbutler.is-best.net,DEAD_no_account
brianbeaudoin.is-great.org,DEAD_no_account
briannaholmes.great-site.net,DEAD_no_account
briannaortega.kesug.com,DEAD_no_account
briarbautista.is-best.net,DEAD_no_account
briarescobar.is-great.net,DEAD_no_account
briareverett.great-site.net,DEAD_no_account
briarportillo.is-best.net,DEAD_no_account
bridgcobb.iblogger.org,DEAD_no_account
bridgeradler.is-great.net,DEAD_no_account
bridgergray.is-best.net,DEAD_no_account
bridgetcohen.is-best.net,DEAD_no_account
bridgetheath.kesug.com,DEAD_no_account
bridgetherman.great-site.net,DEAD_no_account
bridgettebenitez.iblogger.org,DEAD_no_account
briefingdaily.kesug.com,DEAD_no_account
briellaolson.wuaze.com,DEAD_no_account
brightblaze.iblogger.org,DEAD_no_account
brightblaze.mydiscussion.net,DEAD_no_account
brightblaze.totalh.net,DEAD_no_account
brigidasalvador.wuaze.com,DEAD_no_account
brileyroche.iblogger.org,DEAD_no_account
brilliancblaze.kesug.com,DEAD_no_account
brillianceblaze.kesug.com,DEAD_no_account
bristolcochran.wuaze.com,DEAD_no_account
bristolthepost.wuaze.com,DEAD_no_account
britanyduff.my-board.org,DEAD_no_account
brithaines.lovestoblog.com,DEAD_no_account
britnehorn.is-great.org,DEAD_no_account
brittanyouellette.lovestoblog.com,DEAD_no_account
brittphilip.lovestoblog.com,DEAD_no_account
brockedge.is-best.net,DEAD_no_account
brodiejarrell.kesug.com,DEAD_no_account
brodiemalley.kesug.com,DEAD_no_account
brodiemenhok.is-great.net,DEAD_no_account
brodydelong.lovestoblog.com,DEAD_no_account
bronsonbauer.iblogger.org,DEAD_no_account
bronspalermo.lovestoblog.com,DEAD_no_account
brookehazon.is-great.net,DEAD_no_account
brookewilkes.is-great.net,DEAD_no_account
brookshenry.wuaze.com,DEAD_no_account
brooksmeza.kesug.com,DEAD_no_account
brooksmullins.is-best.net,DEAD_no_account
brownernest.kesug.com,DEAD_no_account
brucegleason.iblogger.org,DEAD_no_account
brucemendez.wuaze.com,DEAD_no_account
brunobates.great-site.net,DEAD_no_account
brunocrawford.is-best.net,DEAD_no_account
brunomarangon.lovestoblog.com,DEAD_no_account
bryangould.iblogger.org,DEAD_no_account
bryanshepard.iblogger.org,DEAD_no_account
bryantbenton.is-best.net,DEAD_no_account
brycefoley.is-best.net,DEAD_no_account
brycenmeza.is-best.net,DEAD_no_account
brycenreed.iblogger.org,DEAD_no_account
brycereich.iblogger.org,DEAD_no_account
brycerichmond.is-great.org,DEAD_no_account
bryleeramsey.lovestoblog.com,DEAD_no_account
brynhanley.iblogger.org,DEAD_no_account
bryonystanley.iblogger.org,DEAD_no_account
brysonmaddox.lovestoblog.com,DEAD_no_account
budcollins.kesug.com,DEAD_no_account
budhensley.great-site.net,DEAD_no_account
buffalonews.lovestoblog.com,DEAD_no_account
bugakupresak.fanclub.rocks,DEAD_no_account
bukendalonreve.nichesite.org,DEAD_no_account
bulletinadvance.iblogger.org,DEAD_no_account
bulletinadvance.is-best.net,DEAD_no_account
bulletinboard.kesug.com,DEAD_no_account
bulletinfiveword.iblogger.org,DEAD_no_account
bulletinfiveword.is-best.net,DEAD_no_account
bulletinhogwarts.wuaze.com,DEAD_no_account
bulletininternational.totalh.net,DEAD_no_account
bulletintheruby.great-site.net,ALIVE
buotientquill.nichesite.org,DEAD_no_account
burkhardsommer.is-best.net,DEAD_no_account
burstbusiness.fast-page.org,DEAD_no_account
burtonanne.lovestoblog.com,DEAD_no_account
businessthereporter.synergize.co,DEAD_no_account
buttstherufus.kesug.com,DEAD_no_account
byrongilmore.is-best.net,DEAD_no_account
byronhinton.is-great.net,DEAD_no_account
cadechambers.is-best.net,DEAD_no_account
caelandickerson.great-site.net,DEAD_no_account
caidenbond.is-best.net,DEAD_no_account
cainmhon.is-great.org,DEAD_no_account
cairothepost.my-style.in,DEAD_no_account
caitlinvillegas.wuaze.com,DEAD_no_account
calebarmytage.great-site.net,DEAD_no_account
calebbirkbeck.great-site.net,DEAD_no_account
calebgresham.is-great.org,DEAD_no_account
calebsalinas.is-best.net,DEAD_no_account
calebtroup.wuaze.com,ALIVE
calgarysunnews.great-site.net,DEAD_no_account
califbeefresno.is-best.net,DEAD_no_account
callenmontes.is-great.org,DEAD_no_account
callerstorm.great-site.net,DEAD_no_account
calliecurley.wuaze.com,DEAD_no_account
callievolkman.is-best.net,DEAD_no_account
calliopehale.lovestoblog.com,DEAD_no_account
callumday.kesug.com,DEAD_no_account
callumfabinyi.is-best.net,DEAD_no_account
calvinchrist.lovestoblog.com,DEAD_no_account
calvinsaldana.my-board.org,DEAD_no_account
camdenkramer.iblogger.org,DEAD_no_account
camdenshields.is-great.org,DEAD_no_account
camerondavey.wuaze.com,DEAD_no_account
cameronhauslaib.is-great.net,DEAD_no_account
cameronkerr.is-great.net,DEAD_no_account
cameronpinnock.great-site.net,DEAD_no_account
cameronpostle.is-great.org,DEAD_no_account
cameronskelton.kesug.com,DEAD_no_account
cameronwilkinson.wuaze.com,DEAD_no_account
camerynkenne.lovestoblog.com,DEAD_no_account
camilakrueger.wuaze.com,DEAD_no_account
camillakjar.lovestoblog.com,DEAD_no_account
camillecruz.kesug.com,DEAD_no_account
campbellmicheal.nichesite.org,DEAD_no_account
camryngagnon.lovestoblog.com,DEAD_no_account
canaanblanc.lovestoblog.com,DEAD_no_account
candicereid.kesug.com,DEAD_no_account
candrapatel.wuaze.com,DEAD_no_account
candytapia.iblogger.org,DEAD_no_account
cannondickey.wuaze.com,DEAD_no_account
cannonhoffman.is-best.net,DEAD_no_account
cannonnava.is-best.net,DEAD_no_account
cannonrichard.great-site.net,DEAD_no_account
capesartsnews.kesug.com,DEAD_no_account
capitalchatter.lovestoblog.com,ALIVE
caraleblanc.great-site.net,DEAD_no_account
careerchronicle.iblogger.org,DEAD_no_account
careyknox.iblogger.org,DEAD_no_account
careymcdowell.is-great.org,DEAD_no_account
careymora.iblogger.org,DEAD_no_account
careyoliver.iblogger.org,DEAD_no_account
carissawade.iblogger.org,DEAD_no_account
carlabresciani.is-great.net,DEAD_no_account
carlacardinali.is-great.net,DEAD_no_account
carliephelps.iblogger.org,DEAD_no_account
carlleigh.is-great.org,DEAD_no_account
carlokemp.great-site.net,DEAD_no_account
carlopiscopo.lovestoblog.com,DEAD_no_account
carlosmercado.is-great.org,DEAD_no_account
carlshort.kesug.com,DEAD_no_account
carltonpatterson.great-site.net,DEAD_no_account
carlykeith.kesug.com,DEAD_no_account
carlymadden.wuaze.com,DEAD_no_account
carlyschaefer.iblogger.org,DEAD_no_account
carmelaconway.iblogger.org,DEAD_no_account
carmeladonal.kesug.com,DEAD_no_account
carmenmacias.wuaze.com,DEAD_no_account
carmenwatsi.kesug.com,DEAD_no_account
carolcarney.is-great.net,DEAD_no_account
carolemilner.wuaze.com,DEAD_no_account
carolesalt.is-great.net,DEAD_no_account
caroleshannon.lovestoblog.com,DEAD_no_account
carolinarami.iblogger.org,DEAD_no_account
carolinechan.is-best.net,DEAD_no_account
carolmartens.is-great.net,DEAD_no_account
carolyncalderon.is-great.net,DEAD_no_account
carolzhang.is-best.net,DEAD_no_account
carriecalhoun.iblogger.org,DEAD_no_account
carscom.nichesite.org,DEAD_no_account
carsonnichols.kesug.com,DEAD_no_account
carterfumiko.lovestoblog.com,DEAD_no_account
cascadecrimso.kesug.com,DEAD_no_account
cascadecrimson.kesug.com,DEAD_no_account
cascadecrimson.wuaze.com,DEAD_no_account
casenbenitez.is-best.net,DEAD_no_account
caseydumas.lovestoblog.com,DEAD_no_account
caseyriley.is-best.net,DEAD_no_account
caseyschott.lovestoblog.com,DEAD_no_account
cassandpurdy.is-best.net,DEAD_no_account
cassandrasimard.iblogger.org,DEAD_no_account
cassidyrosario.kesug.com,DEAD_no_account
cassiedillon.lovestoblog.com,DEAD_no_account
castielquintero.is-best.net,DEAD_no_account
castieltorres.iblogger.org,DEAD_no_account
cataleyaglover.kesug.com,DEAD_no_account
cataleyajacobs.kesug.com,DEAD_no_account
catalinaconde.iblogger.org,DEAD_no_account
catalystthronicle.is-great.net,DEAD_no_account
catarinogalindo.iblogger.org,DEAD_no_account
catherglenn.lovestoblog.com,DEAD_no_account
catherinegomez.lovestoblog.com,DEAD_no_account
catherinesanti.great-site.net,DEAD_no_account
cathryncantrell.is-best.net,DEAD_no_account
cathryneccles.is-best.net,DEAD_no_account
catrinasteph.likesyou.org,DEAD_no_account
catrionacoe.wuaze.com,DEAD_no_account
cbowlingfrederi.my-style.in,DEAD_no_account
ceceliabarber.great-site.net,DEAD_no_account
cecelialeonard.iblogger.org,DEAD_no_account
ceceliaprice.lovestoblog.com,DEAD_no_account
cecilhardy.is-best.net,DEAD_no_account
ceciliaduckwo.lovestoblog.com,DEAD_no_account
ceciliaduran.wuaze.com,DEAD_no_account
ceciliahughes.kesug.com,DEAD_no_account
cedrickbates.is-best.net,DEAD_no_account
celebrityeveryday.iblogger.org,ALIVE
celestialcharm.wuaze.com,DEAD_no_account
celestialcipher.great-site.net,DEAD_no_account
celestialspecter.is-best.net,DEAD_no_account
celestinapiras.wuaze.com,DEAD_no_account
celinaknight.great-site.net,DEAD_no_account
celinerosario.lovestoblog.com,DEAD_no_account
cesarcarrillo.wuaze.com,DEAD_no_account
cesarmills.wuaze.com,DEAD_no_account
cesarromero.kesug.com,DEAD_no_account
chadwickbanks.great-site.net,DEAD_no_account
chaimruiz.is-great.net,DEAD_no_account
chancebooth.is-best.net,DEAD_no_account
charlesaguirre.iblogger.org,DEAD_no_account
charlesbidencope.is-best.net,DEAD_no_account
charlesburnett.is-best.net,DEAD_no_account
charlescollins.great-site.net,DEAD_no_account
charlesglencros.is-best.net,DEAD_no_account
charlesmccoll.great-site.net,DEAD_no_account
charlesmedworth.is-great.org,DEAD_no_account
charlespatel.is-great.net,DEAD_no_account
charleyblan.iblogger.org,DEAD_no_account
charlibeaney.iblogger.org,DEAD_no_account
charlieamess.synergize.co,DEAD_no_account
charlieashton.great-site.net,ALIVE
charlieburkits.wuaze.com,DEAD_no_account
charliecarson.iblogger.org,DEAD_no_account
charliemacdonald.is-great.org,DEAD_no_account
charliemcencroe.is-great.org,DEAD_no_account
charliephillip.lovestoblog.com,DEAD_no_account
charlotteobserver.great-site.net,DEAD_no_account
charlotteyang.iblogger.org,DEAD_no_account
charmairobinso.wuaze.com,DEAD_no_account
charmchicnews.wuaze.com,DEAD_no_account
chasberg.is-great.org,DEAD_no_account
cherrybates.is-best.net,DEAD_no_account
cherrybrooke.lovestoblog.com,DEAD_no_account
chestercrensh.likesyou.org,DEAD_no_account
chiaracappelli.iblogger.org,DEAD_no_account
chicagothetribune.mydiscussion.net,DEAD_no_account
chicagotribune.is-best.net,DEAD_no_account
chinathepost.lovestoblog.com,DEAD_no_account
chloebird.great-site.net,DEAD_no_account
chloecox.great-site.net,DEAD_no_account
chloejackson.iblogger.org,DEAD_no_account
chloesowers.great-site.net,DEAD_no_account
chloewintle.wuaze.com,DEAD_no_account
chloezhu.infy.uk,UNCERTAIN_timeout
chrishaag.wuaze.com,DEAD_no_account
chrishaynes.is-best.net,DEAD_no_account
chrismartinez.is-best.net,DEAD_no_account
chrispherwalpole.wuaze.com,DEAD_no_account
christamccann.wuaze.com,DEAD_no_account
christelgotz.is-great.net,DEAD_no_account
christhomson.is-best.net,DEAD_no_account
christianfischer.wuaze.com,DEAD_no_account
christiangutierrez.iblogger.org,DEAD_no_account
christianhenderson.is-great.net,DEAD_no_account
christiankinross.great-site.net,DEAD_no_account
christianmountga.is-best.net,DEAD_no_account
christidow.iblogger.org,DEAD_no_account
christihuynh.lovestoblog.com,DEAD_no_account
christinadiedich.lovestoblog.com,DEAD_no_account
christinalove.kesug.com,DEAD_no_account
christinausterlitz.is-best.net,DEAD_no_account
christinawise.kesug.com,DEAD_no_account
christinschreiner.lovestoblog.com,DEAD_no_account
christiwalte.lovestoblog.com,DEAD_no_account
christopherbee.is-great.net,DEAD_no_account
christophermealmaker.is-best.net,DEAD_no_account
chroniclefogwarts.great-site.net,DEAD_no_account
chroniclescurrent.great-site.net,DEAD_no_account
chroniclesogwarts.synergize.co,DEAD_no_account
chroniclesthe.is-best.net,DEAD_no_account
chroniclethesunday.great-site.net,DEAD_no_account
chsentinelthewren.totalh.net,DEAD_no_account
chuckthomson.lovestoblog.com,DEAD_no_account
chungharrin.lovestoblog.com,DEAD_no_account
chwartzruths.wuaze.com,DEAD_no_account
cierrashell.wuaze.com,DEAD_no_account
cillanijsse.lovestoblog.com,DEAD_no_account
cillipostl.great-site.net,DEAD_no_account
cindydaigle.wuaze.com,DEAD_no_account
cindymcloughlin.wuaze.com,DEAD_no_account
cindymorrison.iblogger.org,DEAD_no_account
citizenthegogwarts.my-style.in,DEAD_no_account
citymexicotimes.is-great.net,ALIVE
citypulsenews.lovestoblog.com,DEAD_no_account
citysightseeing.synergize.co,DEAD_no_account
citystarkansas.kesug.com,DEAD_no_account
citythescoopnews.totalh.net,DEAD_no_account
civicsentinel.lovestoblog.com,DEAD_no_account
clairecousins.lovestoblog.com,DEAD_no_account
clairwright.kesug.com,DEAD_no_account
clarahill.lovestoblog.com,DEAD_no_account
clarahopkins.is-best.net,DEAD_no_account
claratyler.great-site.net,DEAD_no_account
clareboyer.great-site.net,DEAD_no_account
clarkeanthony.iblogger.org,DEAD_no_account
clarkli.lovestoblog.com,DEAD_no_account
claudiabaltus.wuaze.com,DEAD_no_account
claudiafalcone.is-best.net,DEAD_no_account
claudiahuynh.loveslife.biz,DEAD_no_account
claudiazambon.is-great.net,DEAD_no_account
claudinemorton.lovestoblog.com,DEAD_no_account
claudlure.kesug.com,DEAD_no_account
claytonvincent.is-great.net,DEAD_no_account
claywalter.iblogger.org,DEAD_no_account
clehoustonchroni.great-site.net,DEAD_no_account
clemenjeffer.kesug.com,DEAD_no_account
clemenschne.iblogger.org,DEAD_no_account
clementebazan.is-great.org,DEAD_no_account
clemenwalters.wuaze.com,DEAD_no_account
cliftonmaldon.kesug.com,DEAD_no_account
clintbarrette.nichesite.org,DEAD_no_account
clintcunningham.is-great.net,DEAD_no_account
clintlevine.wuaze.com,DEAD_no_account
clintonmadden.lovestoblog.com,DEAD_no_account
clintosborne.kesug.com,DEAD_no_account
clintrollins.is-great.net,DEAD_no_account
codeymoffitt.iblogger.org,DEAD_no_account
codygatliff.great-site.net,DEAD_no_account
codynaaneart.is-great.net,DEAD_no_account
coenwilkinson.is-best.net,DEAD_no_account
cohenaustin.kesug.com,DEAD_no_account
colbygould.is-great.net,DEAD_no_account
colbyhunt.is-great.org,DEAD_no_account
colenbeasle.great-site.net,DEAD_no_account
coletonritchie.is-best.net,DEAD_no_account
colettechristie.great-site.net,DEAD_no_account
colettejennin.wuaze.com,DEAD_no_account
colincarter.iblogger.org,DEAD_no_account
colinreyna.wuaze.com,DEAD_no_account
colinwalters.lovestoblog.com,DEAD_no_account
colleenmccart.wuaze.com,DEAD_no_account
collindejesus.lovestoblog.com,DEAD_no_account
collinwalla.wuaze.com,DEAD_no_account
colsonclarke.is-great.net,DEAD_no_account
coltcobb.lovestoblog.com,DEAD_no_account
coltencull.lovestoblog.com,DEAD_no_account
coltenschaefer.iblogger.org,DEAD_no_account
coltongrant.is-best.net,DEAD_no_account
coltontanner.iblogger.org,DEAD_no_account
columbmoris.wuaze.com,DEAD_no_account
columbusbolton.iblogger.org,DEAD_no_account
commentatorsogwarts.kesug.com,DEAD_no_account
concettagozzi.great-site.net,DEAD_no_account
congtsao.wuaze.com,DEAD_no_account
connielapierre.is-best.net,DEAD_no_account
conniemanning.iblogger.org,DEAD_no_account
connorarmytage.is-great.org,DEAD_no_account
connoravery.is-best.net,DEAD_no_account
connorbeers.kesug.com,DEAD_no_account
connorburford.great-site.net,DEAD_no_account
connorburkho.kesug.com,DEAD_no_account
connorfarmer.is-best.net,DEAD_no_account
conorcollier.iblogger.org,DEAD_no_account
conradbarnes.is-great.net,DEAD_no_account
conradnorth.wuaze.com,DEAD_no_account
constanceweaver.is-great.net,DEAD_no_account
constantina.wuaze.com,DEAD_no_account
constitutionjournal.is-best.net,DEAD_no_account
consueloclay.lovestoblog.com,DEAD_no_account
consuelosegura.kesug.com,DEAD_no_account
cookbednewsjose.my-style.in,DEAD_no_account
cooperallman.is-best.net,DEAD_no_account
cooperpike.lovestoblog.com,ALIVE
copervafurber.kesug.com,DEAD_no_account
coralialexan.is-great.net,DEAD_no_account
corbinortiz.iblogger.org,DEAD_no_account
cordellharrin.iblogger.org,DEAD_no_account
coreissuethe.great-site.net,DEAD_no_account
corewagner.iblogger.org,DEAD_no_account
corinatelez.great-site.net,DEAD_no_account
corinemcintyre.is-great.net,DEAD_no_account
corinneames.wuaze.com,DEAD_no_account
corinneellis.iblogger.org,DEAD_no_account
cornelibrand.is-great.org,DEAD_no_account
cornellgarrett.is-best.net,DEAD_no_account
cornellmorales.wuaze.com,DEAD_no_account
cornemilton.is-best.net,DEAD_no_account
cortezsanford.lovestoblog.com,DEAD_no_account
corybeebe.kesug.com,DEAD_no_account
coryburgess.is-best.net,DEAD_no_account
corybyrd.lovestoblog.com,DEAD_no_account
coryhopper.wuaze.com,DEAD_no_account
cosmiccomet.is-best.net,DEAD_no_account
cosmiccrafter.my-board.org,DEAD_no_account
cosmiccrest.iblogger.org,DEAD_no_account
costanmandelli.kesug.com,DEAD_no_account
coultalknews.fanclub.rocks,DEAD_no_account
countryssource.nichesite.org,DEAD_no_account
couranthogwarts.fanclub.rocks,DEAD_no_account
courtneychan.lovestoblog.com,DEAD_no_account
courtneymcintyre.kesug.com,DEAD_no_account
couturecorner.nichesite.org,DEAD_no_account
coversource.kesug.com,DEAD_no_account
coversourcenews.is-great.org,DEAD_no_account
covingtonthemark.likesyou.org,DEAD_no_account
coyzara.is-best.net,DEAD_no_account
craigandrews.is-great.net,DEAD_no_account
cramentobesa.great-site.net,DEAD_no_account
cramentobesa.kesug.com,DEAD_no_account
cratchronicledemo.my-board.org,DEAD_no_account
cratgazettedemo.nichesite.org,DEAD_no_account
crawfordtomnews.fanclub.rocks,DEAD_no_account
creationschic.loveslife.biz,DEAD_no_account
crescenciainzunza.lovestoblog.com,DEAD_no_account
crestcrimson.great-site.net,DEAD_no_account
crewhobbs.iblogger.org,DEAD_no_account
crimsoncascad.lovestoblog.com,DEAD_no_account
crimsoncascade.iblogger.org,DEAD_no_account
crimsoncascade.kesug.com,DEAD_no_account
crimsoncascade.lovestoblog.com,DEAD_no_account
crimsoncomet.kesug.com,DEAD_no_account
crimsoncrafter.great-site.net,DEAD_no_account
crimsoncres.great-site.net,DEAD_no_account
crimsoncrest.great-site.net,DEAD_no_account
crimsoncrest.likesyou.org,DEAD_no_account
crimsoncrest.lovestoblog.com,DEAD_no_account
crimsoncrest.wuaze.com,DEAD_no_account
crimsoncro.kesug.com,DEAD_no_account
crimsoncro.wuaze.com,DEAD_no_account
crimsoncrow.kesug.com,ALIVE
crimsoncrown.nichesite.org,DEAD_no_account
crimsonwing.nichesite.org,DEAD_no_account
cristianhuang.wuaze.com,DEAD_no_account
cristinalogan.kesug.com,DEAD_no_account
cristlwol.is-great.net,DEAD_no_account
cristoforomazzeo.is-great.org,DEAD_no_account
cristopherandrade.is-best.net,DEAD_no_account
crockerrichard.lovestoblog.com,DEAD_no_account
crowncrimson.lovestoblog.com,DEAD_no_account
crunchcorporate.wuaze.com,DEAD_no_account
crystalcascade.is-best.net,DEAD_no_account
crystalcrest.my-board.org,DEAD_no_account
crystalgazer.my-board.org,DEAD_no_account
crystalsanchez.lovestoblog.com,DEAD_no_account
csordasnora.lovestoblog.com,DEAD_no_account
cuauhtbadillo.lovestoblog.com,ALIVE
cullenmora.is-great.net,DEAD_no_account
culturopedlanews.synergize.co,DEAD_no_account
currentchronicles.is-best.net,DEAD_no_account
currentchronicles.totalh.net,DEAD_no_account
currentcraze.fanclub.rocks,ALIVE
currenthappenings.lovestoblog.com,DEAD_no_account
currentsnew.great-site.net,DEAD_no_account
currentsthenew.kesug.com,DEAD_no_account
curthump.is-great.net,DEAD_no_account
curtisbates.lovestoblog.com,DEAD_no_account
curtisdaugherty.is-best.net,DEAD_no_account
cvitaanikal.is-great.org,DEAD_no_account
cyprusthemail.my-board.org,DEAD_no_account
dailychinanews.loveslife.biz,DEAD_no_account
dailydispatch.infinityfreeapp.com,DEAD_no_account
dailyenquirer.likesyou.org,DEAD_no_account
dailyeranews.is-great.net,DEAD_no_account
dailyevents.great-site.net,ALIVE
dailyhogwarts.my-board.org,DEAD_no_account
dailyhorizon.kesug.com,DEAD_no_account
dailyhub.kesug.com,DEAD_no_account
dailyhub.wuaze.com,DEAD_no_account
dailytheexpress.great-site.net,DEAD_no_account
dailythegleaner.lovestoblog.com,DEAD_no_account
dailythegraphic.great-site.net,DEAD_no_account
dailythehogwarts.is-best.net,DEAD_no_account
dailythemail.wuaze.com,DEAD_no_account
dailythemails.mydiscussion.net,DEAD_no_account
dailythemirror.my-board.org,DEAD_no_account
dailythemonitor.is-great.net,DEAD_no_account
dailythenation.great-site.net,DEAD_no_account
dailythenation.lovestoblog.com,DEAD_no_account
dailythenews.my-board.org,DEAD_no_account
dailythepost.kesug.com,DEAD_no_account
dailytherecord.loveslife.biz,DEAD_no_account
dailythestarnews.wuaze.com,DEAD_no_account
dailythestars.kesug.com,DEAD_no_account
dailythetelegraph.iblogger.org,DEAD_no_account
dailythetelegraph.kesug.com,DEAD_no_account
dailythetelegraph.loveslife.biz,DEAD_no_account
dailyworld.nichesite.org,DEAD_no_account
daisyparker.is-best.net,DEAD_no_account
daisysheppard.wuaze.com,DEAD_no_account
dajataft.gamer.gd,UNCERTAIN_timeout
dakotamoney.lovestoblog.com,DEAD_no_account
daledodds.wuaze.com,DEAD_no_account
dalerichards.great-site.net,DEAD_no_account
daltonkilback.kesug.com,DEAD_no_account
daltonlawrence.is-great.org,DEAD_no_account
daltonnorman.is-best.net,DEAD_no_account
damiancarson.is-great.org,DEAD_no_account
damianeverett.lovestoblog.com,DEAD_no_account
damiongilmore.lovestoblog.com,DEAD_no_account
damionhopson.is-great.net,DEAD_no_account
damionkiser.my-style.in,DEAD_no_account
danalowery.kesug.com,DEAD_no_account
danbogan.is-best.net,DEAD_no_account
dancedusk.wuaze.com,DEAD_no_account
dancerdusk.kesug.com,DEAD_no_account
dangelobaxter.iblogger.org,DEAD_no_account
dangeloingra.great-site.net,DEAD_no_account
dangeloplatt.wuaze.com,DEAD_no_account
danialgentry.lovestoblog.com,DEAD_no_account
danicadrake.wuaze.com,DEAD_no_account
danicarobert.is-great.org,DEAD_no_account
danielamassari.is-great.net,DEAD_no_account
danielamilani.is-best.net,DEAD_no_account
danielasher.is-great.org,DEAD_no_account
danielchase.iblogger.org,DEAD_no_account
danieldominguez.iblogger.org,DEAD_no_account
danieldresner.great-site.net,DEAD_no_account
daniellebenja.wuaze.com,DEAD_no_account
danielmaurice.is-best.net,DEAD_no_account
danielmillan.lovestoblog.com,DEAD_no_account
danielproctor.is-great.org,DEAD_no_account
danielrees.lovestoblog.com,DEAD_no_account
danielshaw.wuaze.com,DEAD_no_account
danielvickery.is-great.org,DEAD_no_account
daniloporta.kesug.com,DEAD_no_account
danilosacche.kesug.com,DEAD_no_account
dannybradley.iblogger.org,DEAD_no_account
dannycantrell.wuaze.com,DEAD_no_account
dannysheppard.iblogger.org,DEAD_no_account
danoficialday.iblogger.org,DEAD_no_account
danteashworth.is-best.net,DEAD_no_account
danyalboyd.lovestoblog.com,DEAD_no_account
danyellestur.lovestoblog.com,DEAD_no_account
daphnehodge.lovestoblog.com,DEAD_no_account
daphnesilva.lovestoblog.com,DEAD_no_account
dapperdivanews.great-site.net,DEAD_no_account
darciebruce.is-great.org,DEAD_no_account
darcychampion.wuaze.com,DEAD_no_account
darcymullen.wuaze.com,DEAD_no_account
darcyorr.iblogger.org,DEAD_no_account
dardanashehu.is-great.net,DEAD_no_account
dardanashehu.wuaze.com,DEAD_no_account
darengoodwin.great-site.net,DEAD_no_account
darengraham.wuaze.com,DEAD_no_account
dariachiesa.great-site.net,DEAD_no_account
dariaholmes.is-great.org,DEAD_no_account
darianadecker.lovestoblog.com,DEAD_no_account
dariangentry.is-best.net,DEAD_no_account
darienflowers.is-best.net,DEAD_no_account
darinstephen.kesug.com,DEAD_no_account
dariusalun.kesug.com,DEAD_no_account
darlakeith.wuaze.com,DEAD_no_account
darleneboyd.kesug.com,DEAD_no_account
darnellgarre.iblogger.org,DEAD_no_account
darrelfischer.iblogger.org,DEAD_no_account
darrellkay.great-site.net,DEAD_no_account
darrellneal.iblogger.org,DEAD_no_account
darrenerickson.iblogger.org,DEAD_no_account
darrenmagana.lovestoblog.com,DEAD_no_account
darrenmurray.is-best.net,DEAD_no_account
darrianelliot.likesyou.org,DEAD_no_account
darronhall.lovestoblog.com,DEAD_no_account
darrylkim.lovestoblog.com,DEAD_no_account
dashandoran.wuaze.com,DEAD_no_account
dashmoyer.is-best.net,DEAD_no_account
dataloop.my-style.in,ALIVE
dataloopnews.wuaze.com,DEAD_no_account
davehardin.kesug.com,DEAD_no_account
davidashworth.wuaze.com,DEAD_no_account
davidferro.iblogger.org,DEAD_no_account
davidschoenheimer.is-great.org,DEAD_no_account
davidsingh.kesug.com,DEAD_no_account
davidsteinfeld.is-best.net,DEAD_no_account
davidzavala.wuaze.com,DEAD_no_account
davinamaynard.iblogger.org,DEAD_no_account
davionatkin.lovestoblog.com,DEAD_no_account
dawninthegpost.great-site.net,DEAD_no_account
dawnmooney.is-best.net,DEAD_no_account
dawsongarcia.iblogger.org,DEAD_no_account
dawsonhinton.is-best.net,DEAD_no_account
dayanaparson.kesug.com,DEAD_no_account
daymelvillenews.is-great.net,DEAD_no_account
daythecolorado.talk4fun.net,DEAD_no_account
dazzlerdream.iblogger.org,DEAD_no_account
deaconbowers.wuaze.com,DEAD_no_account
dealerplain.great-site.net,DEAD_no_account
deancolebatch.kesug.com,DEAD_no_account
deandrmorrow.iblogger.org,DEAD_no_account
deanheron.lovestoblog.com,DEAD_no_account
deannaserrano.lovestoblog.com,DEAD_no_account
deansalter.is-best.net,DEAD_no_account
deborahbouf.wuaze.com,DEAD_no_account
deborahcosentino.wuaze.com,DEAD_no_account
deborapesce.kesug.com,DEAD_no_account
debrahumphrey.kesug.com,DEAD_no_account
debramohammed.is-great.net,DEAD_no_account
declandalachy.is-great.org,DEAD_no_account
declangant.is-great.net,DEAD_no_account
declangibons.kesug.com,DEAD_no_account
declansmeaton.is-great.net,DEAD_no_account
deeelliott.wuaze.com,DEAD_no_account
defendedream.nichesite.org,DEAD_no_account
defenderdream.is-best.net,DEAD_no_account
defenderdream.totalh.net,DEAD_no_account
defenderdusk.great-site.net,DEAD_no_account
defenderdusk.kesug.com,DEAD_no_account
defenderdusk.wuaze.com,DEAD_no_account
deirdrepowell.great-site.net,DEAD_no_account
deirdrepullman.wuaze.com,DEAD_no_account
deisyintosh.iblogger.org,DEAD_no_account
dejoncowan.lovestoblog.com,DEAD_no_account
delaneymalone.lovestoblog.com,DEAD_no_account
delanielayman.kesug.com,DEAD_no_account
delbermaynar.wuaze.com,DEAD_no_account
delconner.kesug.com,DEAD_no_account
delfinoaceves.lovestoblog.com,DEAD_no_account
deliaedwards.lovestoblog.com,DEAD_no_account
delilahlindsey.is-best.net,DEAD_no_account
dellaseracorriere.wuaze.com,DEAD_no_account
deloresshaw.great-site.net,DEAD_no_account
delorisarellano.iblogger.org,DEAD_no_account
demarcusburke.is-best.net,DEAD_no_account
demariodick.lovestoblog.com,DEAD_no_account
demetriocoppola.kesug.com,DEAD_no_account
demicant.great-site.net,DEAD_no_account
demimayfield.is-great.org,DEAD_no_account
denalarsen.kesug.com,DEAD_no_account
denaneff.wuaze.com,DEAD_no_account
denawelch.is-great.org,DEAD_no_account
denerjsbreva.my-board.org,DEAD_no_account
deniselang.is-best.net,DEAD_no_account
denisghilardi.is-great.org,DEAD_no_account
denisstaggs.lovestoblog.com,DEAD_no_account
dennisflowers.is-best.net,DEAD_no_account
dennisgrunewald.is-best.net,DEAD_no_account
dennisschweizer.great-site.net,DEAD_no_account
denverclain.is-great.net,DEAD_no_account
denverhuynh.is-great.net,DEAD_no_account
denvermiddle.kesug.com,DEAD_no_account
derekroberson.is-great.org,DEAD_no_account
dereksmall.wuaze.com,DEAD_no_account
derrickcooke.wuaze.com,DEAD_no_account
deseanmorrissey.nichesite.org,DEAD_no_account
deshauntang.is-best.net,DEAD_no_account
desileonard.wuaze.com,DEAD_no_account
desmoinesregister.my-board.org,DEAD_no_account
desmonddent.is-best.net,DEAD_no_account
destanyschaffer.is-great.net,DEAD_no_account
detroitnews.great-site.net,DEAD_no_account
devinbowman.is-best.net,DEAD_no_account
devindalton.wuaze.com,DEAD_no_account
devinlarouche.is-best.net,DEAD_no_account
devinodell.kesug.com,DEAD_no_account
devinstaton.iblogger.org,DEAD_no_account
devlinquinn.wuaze.com,DEAD_no_account
devonouimet.iblogger.org,DEAD_no_account
devonteglover.kesug.com,DEAD_no_account
devynmontero.lovestoblog.com,DEAD_no_account
dewaynehester.lovestoblog.com,DEAD_no_account
deweyodling.is-best.net,DEAD_no_account
dewigille.is-best.net,DEAD_no_account
dexterpowell.iblogger.org,DEAD_no_account
dharmlhic.lovestoblog.com,DEAD_no_account
dhatteraapital.kesug.com,DEAD_no_account
dhedrickdonal.great-site.net,DEAD_no_account
dianacampbell.lovestoblog.com,DEAD_no_account
dianahanna.lovestoblog.com,DEAD_no_account
dianakruger.is-great.net,DEAD_no_account
dianamiddleton.iblogger.org,DEAD_no_account
dianaschaefer.is-great.net,DEAD_no_account
dianasweeney.lovestoblog.com,DEAD_no_account
dianedurham.is-best.net,DEAD_no_account
dianeince.is-best.net,DEAD_no_account
dianemathis.iblogger.org,DEAD_no_account
diannemacdougall.wuaze.com,DEAD_no_account
diannkent.wuaze.com,DEAD_no_account
diegocruz.is-great.net,DEAD_no_account
diegoferrara.kesug.com,DEAD_no_account
diegoramirez.lovestoblog.com,DEAD_no_account
dieterdresner.is-great.net,DEAD_no_account
dietervogel.wuaze.com,DEAD_no_account
digestdecorators.my-style.in,DEAD_no_account
dilanashley.iblogger.org,DEAD_no_account
dilanchapman.wuaze.com,DEAD_no_account
dilanfuentes.is-great.org,DEAD_no_account
dilankennedy.is-best.net,DEAD_no_account
dinagooden.wuaze.com,DEAD_no_account
dinamorra.is-best.net,DEAD_no_account
dionnecobb.iblogger.org,DEAD_no_account
dionrice.is-best.net,DEAD_no_account
diontethorpe.wuaze.com,DEAD_no_account
diordeleon.is-great.net,DEAD_no_account
dirkfriedman.fanclub.rocks,DEAD_no_account
dirvaiabirchu.my-board.org,DEAD_no_account
discoverydailynews.kesug.com,DEAD_no_account
discoverydailynews.lovestoblog.com,DEAD_no_account
discoverysummerhi.kesug.com,DEAD_no_account
disculturethenews.wuaze.com,DEAD_no_account
dispatchdaily.wuaze.com,DEAD_no_account
dispatchdailynews.lovestoblog.com,DEAD_no_account
dispatchpost.is-best.net,DEAD_no_account
dispatchpost.nichesite.org,DEAD_no_account
dispatchtimes.totalh.net,DEAD_no_account
distillate.great-site.net,DEAD_no_account
distillatenews.lovestoblog.com,DEAD_no_account
diverdream.my-style.in,DEAD_no_account
diverdream.nichesite.org,DEAD_no_account
dixiemills.iblogger.org,DEAD_no_account
dollarthelarry.synergize.co,ALIVE
dolliecarlson.wuaze.com,DEAD_no_account
doloresramirez.lovestoblog.com,DEAD_no_account
domenicramirez.is-great.net,DEAD_no_account
domingodwin.iblogger.org,DEAD_no_account
dominichealy.great-site.net,DEAD_no_account
dominichuber.great-site.net,DEAD_no_account
dominiclush.kesug.com,DEAD_no_account
dominiksnead.lovestoblog.com,DEAD_no_account
dominilarsen.is-best.net,DEAD_no_account
dominiquelea.is-great.net,DEAD_no_account
dominiquelemay.iblogger.org,DEAD_no_account
dominiquerodriguez.is-great.net,DEAD_no_account
dominperrin.great-site.net,DEAD_no_account
donacabrera.is-great.net,DEAD_no_account
donaldgolden.is-great.net,DEAD_no_account
donaldoxley.wuaze.com,DEAD_no_account
donaldrhodes.iblogger.org,DEAD_no_account
donatobonfan.iblogger.org,DEAD_no_account
donavanembry.is-best.net,DEAD_no_account
doncowan.wuaze.com,DEAD_no_account
dongwilkerson.lovestoblog.com,DEAD_no_account
donkerr.wuaze.com,DEAD_no_account
donnabaxter.is-best.net,DEAD_no_account
donnalang.kesug.com,DEAD_no_account
donnellbullard.wuaze.com,DEAD_no_account
donnstone.iblogger.org,DEAD_no_account
donovanalvarado.is-great.net,DEAD_no_account
donovanbutler.is-great.net,DEAD_no_account
dorabrandt.kesug.com,DEAD_no_account
dorianapisani.is-great.org,DEAD_no_account
dorinahoeben.lovestoblog.com,DEAD_no_account
doriscastan.is-best.net,DEAD_no_account
dorisdanielson.kesug.com,DEAD_no_account
dorisdodd.is-best.net,DEAD_no_account
dorothyfrancis.kesug.com,DEAD_no_account
dorothylangdon.kesug.com,DEAD_no_account
dorothymccoy.is-great.net,DEAD_no_account
dorothywright.iblogger.org,DEAD_no_account
dorthyculough.iblogger.org,DEAD_no_account
dougcase.iblogger.org,DEAD_no_account
douglasdavila.great-site.net,DEAD_no_account
douglaspence.wuaze.com,DEAD_no_account
douglasscott.is-best.net,DEAD_no_account
drakecrand.is-best.net,DEAD_no_account
drakeowens.is-best.net,DEAD_no_account
drakesalas.great-site.net,DEAD_no_account
dreamaustin.kesug.com,DEAD_no_account
dreamdazzler.lovestoblog.com,DEAD_no_account
dreamdazzler.my-style.in,DEAD_no_account
dreamdazzler.nichesite.org,ALIVE
dreamdazzler.totalh.net,DEAD_no_account
dreamdefender.iblogger.org,DEAD_no_account
dreamdefender.is-best.net,DEAD_no_account
dreamdefender.lovestoblog.com,DEAD_no_account
dreamdefender.my-board.org,ALIVE
dreamdiver.iblogger.org,DEAD_no_account
dreamdiver.is-best.net,DEAD_no_account
dreamdiver.kesug.com,DEAD_no_account
dreamdiver.totalh.net,DEAD_no_account
dreamdynamo.is-great.net,DEAD_no_account
dreamingdancer.totalh.net,DEAD_no_account
dreamweaver.great-site.net,DEAD_no_account
dreamydelight.iblogger.org,DEAD_no_account
dreamydrifter.iblogger.org,DEAD_no_account
drenzyjinancial.is-great.org,DEAD_no_account
drewbrock.kesug.com,DEAD_no_account
drewfry.kesug.com,DEAD_no_account
drifterdus.great-site.net,DEAD_no_account
drintskoshlata.likesyou.org,DEAD_no_account
dsigmantheronal.my-board.org,DEAD_no_account
dtormyberenade.my-style.in,DEAD_no_account
duanelandry.kesug.com,DEAD_no_account
dudasmelinda.lovestoblog.com,ALIVE
duncannichols.is-best.net,DEAD_no_account
dusandenk.is-best.net,DEAD_no_account
dusicawirth.is-best.net,DEAD_no_account
duskdancer.great-site.net,DEAD_no_account
duskdancer.kesug.com,DEAD_no_account
duskdancer.wuaze.com,DEAD_no_account
duskdefender.iblogger.org,DEAD_no_account
duskdefender.lovestoblog.com,DEAD_no_account
duskdefender.wuaze.com,ALIVE
duskdelight.great-site.net,DEAD_no_account
duskdreamer.great-site.net,DEAD_no_account
duskdreamer.kesug.com,DEAD_no_account
duskdrift.kesug.com,DEAD_no_account
duskdrifte.wuaze.com,DEAD_no_account
duskdrifter.lovestoblog.com,ALIVE
duskdrifter.nichesite.org,DEAD_no_account
duskdrifter.wuaze.com,DEAD_no_account
dustinmichael.wuaze.com,DEAD_no_account
dustyeverett.lovestoblog.com,DEAD_no_account
dwaynebird.wuaze.com,DEAD_no_account
dwaynehutch.lovestoblog.com,DEAD_no_account
dwyergray.great-site.net,ALIVE
dylanaguirre.iblogger.org,DEAD_no_account
dylancarson.wuaze.com,DEAD_no_account
dylanccracken.is-great.net,DEAD_no_account
dylanlees.is-best.net,DEAD_no_account
dylansavage.is-great.net,DEAD_no_account
eagleeyes.talk4fun.net,DEAD_no_account
eangreiner.iblogger.org,DEAD_no_account
earleduncan.wuaze.com,DEAD_no_account
earleneevans.great-site.net,DEAD_no_account
earlhodge.kesug.com,DEAD_no_account
earlpage.wuaze.com,DEAD_no_account
earnestinehunter.lovestoblog.com,DEAD_no_account
earthgooder.wuaze.com,ALIVE
eastonkerluke.kesug.com,DEAD_no_account
ebonykeats.wuaze.com,DEAD_no_account
ebonykeldie.lovestoblog.com,DEAD_no_account
ebonyknight.lovestoblog.com,DEAD_no_account
ebonymcmahon.wuaze.com,DEAD_no_account
ebonyoliver.is-best.net,DEAD_no_account
ebonytuckfield.wuaze.com,ALIVE
echoenigma.likesyou.org,DEAD_no_account
echoesember.wuaze.com,DEAD_no_account
echoessence.iblogger.org,DEAD_no_account
echoessence.lovestoblog.com,DEAD_no_account
echoessence.my-style.in,DEAD_no_account
echoessence.nichesite.org,ALIVE
echoessence.talk4fun.net,DEAD_no_account
echoessence.totalh.net,DEAD_no_account
echoethere.is-best.net,DEAD_no_account
echoetherea.is-best.net,DEAD_no_account
echoetherea.nichesite.org,DEAD_no_account
echoethereal.is-best.net,DEAD_no_account
echoethereal.my-board.org,DEAD_no_account
echoethereal.nichesite.org,DEAD_no_account
echoethereal.totalh.net,DEAD_no_account
echoethereal.wuaze.com,DEAD_no_account
echofrost.likesyou.org,DEAD_no_account
echoingeclipse.lovestoblog.com,DEAD_no_account
echoingethereal.lovestoblog.com,DEAD_no_account
eclipseember.great-site.net,DEAD_no_account
eclipseenigma.great-site.net,DEAD_no_account
eclipsember.great-site.net,DEAD_no_account
ecobrserverday.kesug.com,DEAD_no_account
economicthetimes.great-site.net,DEAD_no_account
ecoobserver.great-site.net,DEAD_no_account
ecoobtheserver.lovestoblog.com,DEAD_no_account
edcarrillo.is-great.net,DEAD_no_account
eddiepetiet.wuaze.com,DEAD_no_account
edeltrauthuber.is-best.net,DEAD_no_account
edengray.iblogger.org,DEAD_no_account
edenwaters.is-great.org,DEAD_no_account
edgardotierney.wuaze.com,DEAD_no_account
edgarparmar.iblogger.org,DEAD_no_account
edgarsmoot.wuaze.com,DEAD_no_account
edgenewsurban.kesug.com,DEAD_no_account
edinkogler.great-site.net,DEAD_no_account
edithabachler.wuaze.com,DEAD_no_account
edithconnelly.kesug.com,DEAD_no_account
edithmcguire.great-site.net,DEAD_no_account
edithrodriguez.wuaze.com,DEAD_no_account
edithrosario.iblogger.org,DEAD_no_account
editionwises.wuaze.com,DEAD_no_account
edmuncaril.is-great.net,DEAD_no_account
edmundoolmos.iblogger.org,DEAD_no_account
ednakay.lovestoblog.com,DEAD_no_account
ednaramsey.iblogger.org,DEAD_no_account
edoardomarras.is-great.net,DEAD_no_account
edogozzi.wuaze.com,DEAD_no_account
edsonesquivel.iblogger.org,DEAD_no_account
eduardogarza.is-best.net,DEAD_no_account
edwardclunie.is-great.net,DEAD_no_account
edwardcoe.wuaze.com,DEAD_no_account
edwardcowan.wuaze.com,DEAD_no_account
edwardomcmillan.kesug.com,DEAD_no_account
edwardorogahn.lovestoblog.com,DEAD_no_account
edwardrenard.lovestoblog.com,DEAD_no_account
edwardross.is-great.net,DEAD_no_account
edwinvelas.is-best.net,DEAD_no_account
eesagallagher.iblogger.org,DEAD_no_account
ehsanayala.iblogger.org,DEAD_no_account
eileenarnold.great-site.net,DEAD_no_account
eileenbutt.kesug.com,DEAD_no_account
eilvertbarust.my-board.org,DEAD_no_account
eiserevanl.is-best.net,DEAD_no_account
eithanmayer.iblogger.org,DEAD_no_account
elainahuang.lovestoblog.com,DEAD_no_account
elainasantiag.great-site.net,DEAD_no_account
elaindougall.page.gd,UNCERTAIN_timeout
elaineabbott.kesug.com,DEAD_no_account
elainecurtis.is-great.net,DEAD_no_account
elanadesimone.iblogger.org,DEAD_no_account
elanadowdy.iblogger.org,DEAD_no_account
elbertkerr.is-great.net,DEAD_no_account
eldonrichar.is-best.net,DEAD_no_account
eldrigardner.iblogger.org,DEAD_no_account
eleangutie.great-site.net,DEAD_no_account
eleanorrobitaille.iblogger.org,DEAD_no_account
eleazargross.is-great.net,DEAD_no_account
electricecho.lovestoblog.com,DEAD_no_account
elenadalla.is-best.net,DEAD_no_account
elenaortiz.great-site.net,DEAD_no_account
elexiswilley.is-best.net,DEAD_no_account
elianatripp.iblogger.org,DEAD_no_account
eliannalarsen.lovestoblog.com,DEAD_no_account
eliasgoodwin.is-great.org,DEAD_no_account
eliaslucas.wuaze.com,DEAD_no_account
elijahdwyer.my-board.org,DEAD_no_account
elijahfriend.kesug.com,DEAD_no_account
elijahmarston.is-great.org,DEAD_no_account
elinaholland.kesug.com,DEAD_no_account
elinorrobbins.is-best.net,DEAD_no_account
elisabmadsen.gamer.gd,UNCERTAIN_timeout
elisacastan.is-great.org,DEAD_no_account
elisenolan.is-best.net,DEAD_no_account
eliseocalder.is-great.net,DEAD_no_account
eliseocastaneda.lovestoblog.com,DEAD_no_account
eliwu.iblogger.org,DEAD_no_account
elizabethellison.is-great.org,DEAD_no_account
elizabethnash.great-site.net,DEAD_no_account
elizawillis.is-best.net,DEAD_no_account
elliannalaughlin.great-site.net,DEAD_no_account
elliannasantana.kesug.com,DEAD_no_account
elliehalliday.kesug.com,DEAD_no_account
elliothartman.iblogger.org,DEAD_no_account
elliotmeyer.wuaze.com,DEAD_no_account
elliottpaul.wuaze.com,DEAD_no_account
elliottwinter.wuaze.com,DEAD_no_account
ellisdoherty.lovestoblog.com,DEAD_no_account
ellislu.kesug.com,DEAD_no_account
ellisondejesus.kesug.com,DEAD_no_account
ellissimmons.great-site.net,DEAD_no_account
ellsfrost.wuaze.com,DEAD_no_account
elmerbell.great-site.net,DEAD_no_account
elmerodom.kesug.com,DEAD_no_account
elmnewshuckle.kesug.com,ALIVE
elorafernandez.is-great.org,DEAD_no_account
eloraford.kesug.com,DEAD_no_account
elroyreyes.lovestoblog.com,DEAD_no_account
elsaburgess.kesug.com,DEAD_no_account
elsaedwards.great-site.net,DEAD_no_account
elsagaxiola.is-great.org,DEAD_no_account
elsahays.is-great.net,DEAD_no_account
elsieblevins.kesug.com,DEAD_no_account
elsiecortez.wuaze.com,DEAD_no_account
elvafarmer.is-great.net,DEAD_no_account
elvisadair.is-best.net,DEAD_no_account
elwoodcooke.lovestoblog.com,DEAD_no_account
elwoodhanna.lovestoblog.com,DEAD_no_account
elwoodsanford.is-best.net,DEAD_no_account
elyssacady.iblogger.org,DEAD_no_account
elzbietascholz.great-site.net,DEAD_no_account
emanicooper.lovestoblog.com,DEAD_no_account
emanuelbender.is-great.net,DEAD_no_account
emanuelescamilla.is-great.org,DEAD_no_account
emanuelrodarte.iblogger.org,DEAD_no_account
emanuelrubio.iblogger.org,DEAD_no_account
emberecho.nichesite.org,DEAD_no_account
emberechoe.kesug.com,ALIVE
emberechoe.wuaze.com,DEAD_no_account
emberechoes.kesug.com,DEAD_no_account
emberechoes.my-board.org,DEAD_no_account
embereclip.kesug.com,DEAD_no_account
embereclips.kesug.com,DEAD_no_account
embereclipse.kesug.com,DEAD_no_account
embereclipse.totalh.net,DEAD_no_account
emberembrace.lovestoblog.com,DEAD_no_account
embereternal.kesug.com,DEAD_no_account
emberevergreen.is-best.net,DEAD_no_account
emberevergreen.kesug.com,DEAD_no_account
emberevergreen.lovestoblog.com,DEAD_no_account
emberevergreen.wuaze.com,ALIVE
embereverlast.great-site.net,DEAD_no_account
embereverlasting.wuaze.com,DEAD_no_account
emberglow.wuaze.com,DEAD_no_account
emberhendrick.wuaze.com,DEAD_no_account
emberphoenix.wuaze.com,DEAD_no_account
emelyreeves.is-best.net,DEAD_no_account
emersonsnow.wuaze.com,DEAD_no_account
emerybarron.great-site.net,DEAD_no_account
emerysingleton.wuaze.com,DEAD_no_account
emetwhitker.kesug.com,DEAD_no_account
emiledamgaard.great-site.net,DEAD_no_account
emiliacastagna.great-site.net,DEAD_no_account
emilshields.iblogger.org,DEAD_no_account
emilybailey.great-site.net,DEAD_no_account
emilygrishin.kesug.com,DEAD_no_account
emilyouellette.great-site.net,DEAD_no_account
emilyreed.lovestoblog.com,DEAD_no_account
emilyterrell.is-great.net,DEAD_no_account
emirphan.iblogger.org,DEAD_no_account
emmachapman.wuaze.com,DEAD_no_account
emmaduke.is-best.net,DEAD_no_account
emmafoley.wuaze.com,DEAD_no_account
emmagrant.lovestoblog.com,DEAD_no_account
emmahooper.is-great.net,DEAD_no_account
emmahynes.iblogger.org,DEAD_no_account
emmakemp.wuaze.com,DEAD_no_account
emmalynstanley.lovestoblog.com,DEAD_no_account
emmamitchell.kesug.com,DEAD_no_account
emmamoore.lovestoblog.com,DEAD_no_account
emmanuecopela.is-great.org,DEAD_no_account
emmanuelaldridge.wuaze.com,DEAD_no_account
emmanuelhood.great-site.net,DEAD_no_account
emmapatte.lovestoblog.com,DEAD_no_account
emmaroth.great-site.net,DEAD_no_account
emmarowe.lovestoblog.com,DEAD_no_account
emmettarroyo.is-great.net,DEAD_no_account
emmettfrazier.is-great.org,DEAD_no_account
emmiecraig.lovestoblog.com,DEAD_no_account
emmittmurillo.is-great.org,DEAD_no_account
emmycordova.kesug.com,DEAD_no_account
emmymay.is-best.net,DEAD_no_account
emorykirby.lovestoblog.com,DEAD_no_account
emoryruiz.is-great.net,DEAD_no_account
emtiajahmed.likesyou.org,DEAD_no_account
enchantedecho.totalh.net,DEAD_no_account
enchantedenigma.is-best.net,DEAD_no_account
enchantedexplorer.my-board.org,DEAD_no_account
enchantedlpoch.nichesite.org,DEAD_no_account
engelbertmullner.is-great.net,DEAD_no_account
enidgriffith.kesug.com,DEAD_no_account
enigmasphinx.iblogger.org,DEAD_no_account
enigmaticecho.nichesite.org,DEAD_no_account
enigmaticentity.iblogger.org,DEAD_no_account
enochbridges.iblogger.org,DEAD_no_account
enochjoyce.iblogger.org,DEAD_no_account
enrichettamaestri.is-great.org,DEAD_no_account
enriquegeorge.iblogger.org,DEAD_no_account
enriquemckay.kesug.com,DEAD_no_account
enriqueyork.is-great.net,DEAD_no_account
ensleybryan.kesug.com,DEAD_no_account
eogwartsdailynews.wuaze.com,DEAD_no_account
epicenterthenews.lovestoblog.com,DEAD_no_account
epicepochdaily.lovestoblog.com,DEAD_no_account
eraldobalzano.iblogger.org,DEAD_no_account
ericagonz.great-site.net,DEAD_no_account
erichamilton.kesug.com,DEAD_no_account
erichswanson.free.nf,DEAD_no_account
erickaguillory.loveslife.biz,DEAD_no_account
erickrueger.is-best.net,DEAD_no_account
erickvalenz.great-site.net,DEAD_no_account
ericlong.is-best.net,DEAD_no_account
erikbridges.lovestoblog.com,DEAD_no_account
erikflynn.likesyou.org,DEAD_no_account
eringould.wuaze.com,DEAD_no_account
erinshaffer.kesug.com,DEAD_no_account
erinsut.is-great.net,DEAD_no_account
ernestdouce.great-site.net,DEAD_no_account
ernestinecastillo.is-great.net,DEAD_no_account
ernestineellis.lovestoblog.com,DEAD_no_account
ernestodover.is-best.net,DEAD_no_account
ernestosmall.iblogger.org,DEAD_no_account
ernieshah.lovestoblog.com,DEAD_no_account
esmehebert.wuaze.com,DEAD_no_account
esmeracha.kesug.com,DEAD_no_account
esmerameyer.lovestoblog.com,DEAD_no_account
esperacuna.is-great.org,DEAD_no_account
esperanirving.wuaze.com,DEAD_no_account
estebanmoss.wuaze.com,DEAD_no_account
estebanvaldez.iblogger.org,DEAD_no_account
estefadolan.great-site.net,DEAD_no_account
esteladoug.iblogger.org,DEAD_no_account
estellesloan.kesug.com,DEAD_no_account
estherbaker.wuaze.com,DEAD_no_account
estherleroux.wuaze.com,DEAD_no_account
estherrauter.is-best.net,DEAD_no_account
estherrosenberg.lovestoblog.com,DEAD_no_account
ethanafford.is-great.net,DEAD_no_account
ethanblackman.kesug.com,DEAD_no_account
ethanconnibere.kesug.com,DEAD_no_account
ethanfreehill.is-best.net,DEAD_no_account
ethankidlun.is-great.net,DEAD_no_account
ethansaranealis.great-site.net,DEAD_no_account
ethegreen.lovestoblog.com,DEAD_no_account
etheldavis.lovestoblog.com,DEAD_no_account
etheldesjar.great-site.net,DEAD_no_account
etherealecho.my-style.in,DEAD_no_account
etherealecho.mydiscussion.net,DEAD_no_account
etherealember.is-best.net,DEAD_no_account
etherealembrace.kesug.com,DEAD_no_account
etherealessence.kesug.com,DEAD_no_account
eugeneprovost.is-best.net,DEAD_no_account
eugeniaweeks.wuaze.com,DEAD_no_account
eugeniefink.is-great.net,DEAD_no_account
eulafoley.is-best.net,DEAD_no_account
eunicealdridge.is-great.net,DEAD_no_account
eunicebyers.wuaze.com,DEAD_no_account
eunicecraig.is-best.net,DEAD_no_account
eusebiabecerra.kesug.com,ALIVE
evafranzoni.lovestoblog.com,DEAD_no_account
evanbelisle.is-great.net,DEAD_no_account
evangebryan.kesug.com,DEAD_no_account
evangmorrison.kesug.com,DEAD_no_account
evanlyman.is-best.net,DEAD_no_account
evanrees.great-site.net,DEAD_no_account
evedixson.great-site.net,DEAD_no_account
evelinakolff.is-great.net,DEAD_no_account
evelyncompton.lovestoblog.com,DEAD_no_account
evelynnvelez.kesug.com,DEAD_no_account
evelynroussel.iblogger.org,DEAD_no_account
evelynsmith.kesug.com,DEAD_no_account
eveningsthetandard.totalh.net,DEAD_no_account
everesthoward.is-great.org,DEAD_no_account
everethines.iblogger.org,DEAD_no_account
everettcarter.is-great.org,DEAD_no_account
everettlopez.is-great.net,DEAD_no_account
everettshah.iblogger.org,DEAD_no_account
evergreeember.wuaze.com,DEAD_no_account
evergreenember.lovestoblog.com,DEAD_no_account
evergreenember.wuaze.com,DEAD_no_account
evergreenenigma.kesug.com,DEAD_no_account
evergreentimes.kesug.com,DEAD_no_account
everlastingember.iblogger.org,DEAD_no_account
everlastingember.lovestoblog.com,DEAD_no_account
everlastingember.wuaze.com,DEAD_no_account
everleeday.great-site.net,DEAD_no_account
everlymonroe.wuaze.com,DEAD_no_account
everydaythecelebrity.mydiscussion.net,DEAD_no_account
expresscategory.wuaze.com,DEAD_no_account
expressthebogwarts.lovestoblog.com,DEAD_no_account
expressurban.great-site.net,DEAD_no_account
ezekielbender.wuaze.com,DEAD_no_account
ezekielhayes.iblogger.org,DEAD_no_account
ezekrau.is-great.org,DEAD_no_account
ezequielholland.is-great.net,DEAD_no_account
ezrabell.is-best.net,DEAD_no_account
ezraesparza.is-great.org,DEAD_no_account
ezramueller.is-great.net,DEAD_no_account
fabiancsilla.wuaze.com,DEAD_no_account
fabiandiana.kesug.com,DEAD_no_account
fabianprice.is-great.net,DEAD_no_account
fabianroa.iblogger.org,DEAD_no_account
fabiolaabbate.iblogger.org,DEAD_no_account
fabiolachable.great-site.net,DEAD_no_account
faithburgess.is-great.net,DEAD_no_account
faithconrad.kesug.com,DEAD_no_account
fallonhorton.wuaze.com,DEAD_no_account
fannieriggs.lovestoblog.com,DEAD_no_account
fannyaburto.iblogger.org,DEAD_no_account
fanofficial.22web.org,DEAD_no_account
fantheofficial.synergize.co,DEAD_no_account
fashionfocus.likesyou.org,DEAD_no_account
fatematurnews.loveslife.biz,DEAD_no_account
fatimahunter.is-best.net,DEAD_no_account
faunathefriends.mydiscussion.net,DEAD_no_account
faustinarueda.is-great.net,ALIVE
fayecummings.great-site.net,DEAD_no_account
fayeporter.wuaze.com,DEAD_no_account
fayperron.is-great.org,DEAD_no_account
fayvillegas.wuaze.com,DEAD_no_account
fedelefanelli.iblogger.org,DEAD_no_account
federicacosta.is-great.net,DEAD_no_account
federidiaz.lovestoblog.com,DEAD_no_account
feleciamcconnell.lovestoblog.com,DEAD_no_account
feliciabiggs.lovestoblog.com,DEAD_no_account
felicitygrimes.lovestoblog.com,DEAD_no_account
felipemota.is-best.net,DEAD_no_account
feliperowe.iblogger.org,DEAD_no_account
felixbennett.is-great.org,DEAD_no_account
felvynevereten.is-best.net,DEAD_no_account
ferencevan.is-great.org,DEAD_no_account
fermimill.lovestoblog.com,DEAD_no_account
fermincatalan.iblogger.org,DEAD_no_account
fernandkim.is-great.net,DEAD_no_account
fernandoschn.great-site.net,DEAD_no_account
fidelcrosby.kesug.com,DEAD_no_account
filiphhermansson.wuaze.com,DEAD_no_account
finleyweber.lovestoblog.com,DEAD_no_account
finnburkegafney.lovestoblog.com,DEAD_no_account
finnsturt.is-best.net,DEAD_no_account
fionaallison.wuaze.com,DEAD_no_account
fionarivers.kesug.com,DEAD_no_account
fiorenzamontagna.lovestoblog.com,DEAD_no_account
flameflicker.totalh.net,DEAD_no_account
flashernews.totalh.net,ALIVE
fletcherfoster.is-great.net,DEAD_no_account
florabrowni.is-best.net,DEAD_no_account
floracarletti.iblogger.org,DEAD_no_account
floraharring.iblogger.org,DEAD_no_account
floralewis.is-great.net,DEAD_no_account
floramaynard.iblogger.org,DEAD_no_account
florapham.is-best.net,DEAD_no_account
florarath.lovestoblog.com,DEAD_no_account
florencebaker.lovestoblog.com,DEAD_no_account
florenruelas.is-best.net,DEAD_no_account
florianschenk.iblogger.org,DEAD_no_account
florinecurry.lovestoblog.com,DEAD_no_account
flynnkeartland.is-best.net,DEAD_no_account
flynnligertwod.is-great.org,DEAD_no_account
flythesun.my-style.in,DEAD_no_account
fodorlinka.kesug.com,DEAD_no_account
fogfireand.lovestoblog.com,DEAD_no_account
fordcouranthart.nichesite.org,DEAD_no_account
foremannewsstanley.wuaze.com,DEAD_no_account
forestmoss.is-best.net,DEAD_no_account
forrealupdates.lovestoblog.com,DEAD_no_account
fortcourantwhite.my-board.org,DEAD_no_account
fortinoponce.great-site.net,DEAD_no_account
fortzar.kesug.com,DEAD_no_account
forumfitnessnews.totalh.net,DEAD_no_account
fosterlara.kesug.com,DEAD_no_account
franbradford.is-great.net,DEAD_no_account
francehurst.kesug.com,DEAD_no_account
francembry.my-style.in,DEAD_no_account
francesbarron.lovestoblog.com,DEAD_no_account
francescacarr.is-great.net,DEAD_no_account
francescasimpson.iblogger.org,ALIVE
francescatosi.is-great.net,DEAD_no_account
francescaward.is-best.net,DEAD_no_account
franceschaney.is-best.net,DEAD_no_account
francescraven.wuaze.com,DEAD_no_account
francesglass.great-site.net,DEAD_no_account
francinunez.is-best.net,DEAD_no_account
franciscasalmeron.is-great.org,DEAD_no_account
franciscovang.is-great.net,DEAD_no_account
francisrich.iblogger.org,DEAD_no_account
francohamel.is-great.net,DEAD_no_account
frankfay.is-best.net,DEAD_no_account
frankiecohen.kesug.com,DEAD_no_account
frankiemiles.kesug.com,DEAD_no_account
frankiesantos.is-great.org,DEAD_no_account
frankrandall.is-best.net,DEAD_no_account
franlambert.is-best.net,DEAD_no_account
franleon.great-site.net,DEAD_no_account
franodon.iblogger.org,DEAD_no_account
franschroed.is-great.net,DEAD_no_account
franzkaglokner.great-site.net,DEAD_no_account
fredabutler.lovestoblog.com,DEAD_no_account
fredherman.wuaze.com,DEAD_no_account
fredmalone.iblogger.org,DEAD_no_account
fredrickweston.iblogger.org,DEAD_no_account
freelancerhogwarts.is-best.net,DEAD_no_account
freepressnews.nichesite.org,DEAD_no_account
freepresswinnipeg.kesug.com,DEAD_no_account
freewayeaglethe.kesug.com,DEAD_no_account
frenzyfinancial.is-great.net,DEAD_no_account
freyawelch.is-great.net,DEAD_no_account
fridalewis.kesug.com,DEAD_no_account
frontis active ...................,UNCERTAIN_timeout
frontis.com,UNCERTAIN_timeout
frostflare.iblogger.org,DEAD_no_account
frostyflame.kesug.com,DEAD_no_account
furbercoperle.is-best.net,DEAD_no_account
fverydaycelebrity.is-great.org,DEAD_no_account
gaalanasztaizia.wuaze.com,DEAD_no_account
gabriefiguer.lovestoblog.com,DEAD_no_account
gabriekrause.iblogger.org,DEAD_no_account
gabrielcleburne.great-site.net,DEAD_no_account
gabrielcwynne.kesug.com,ALIVE
gabrielforlong.kesug.com,DEAD_no_account
gabrielfyans.is-great.org,DEAD_no_account
gabriellaangwin.is-great.org,DEAD_no_account
gabriellalucas.great-site.net,DEAD_no_account
gabriellapala.lovestoblog.com,DEAD_no_account
gabriellethomas.is-great.net,DEAD_no_account
gabrielleweaver.is-great.org,DEAD_no_account
gabrielmcdaniel.kesug.com,DEAD_no_account
gabrielpaulson.wuaze.com,DEAD_no_account
gabrielseager.is-great.org,DEAD_no_account
gabrielwalkom.great-site.net,DEAD_no_account
gabrimorai.lovestoblog.com,DEAD_no_account
gaelmoody.iblogger.org,DEAD_no_account
gaillyons.lovestoblog.com,DEAD_no_account
gailmorgan.kesug.com,DEAD_no_account
galacticfazette.likesyou.org,DEAD_no_account
galehansen.wuaze.com,DEAD_no_account
gamefamenews.fast-page.org,DEAD_no_account
gamenewsfame.synergize.co,DEAD_no_account
gamershornernews.is-best.net,DEAD_no_account
gardentheparty.nichesite.org,DEAD_no_account
garetmann.wuaze.com,DEAD_no_account
garfieldpitts.kesug.com,DEAD_no_account
garrettkoch.is-great.net,DEAD_no_account
garthkline.is-great.org,DEAD_no_account
garthpaquin.my-style.in,DEAD_no_account
gastonburn.lovestoblog.com,DEAD_no_account
gastonhudson.wuaze.com,DEAD_no_account
gatlintanner.is-great.net,DEAD_no_account
gavinroth.is-great.org,DEAD_no_account
gaylebritton.is-best.net,DEAD_no_account
gaylemarks.kesug.com,DEAD_no_account
gaylordpitts.lovestoblog.com,DEAD_no_account
gaylordsantana.iblogger.org,DEAD_no_account
gaylordwolf.great-site.net,DEAD_no_account
gazetralspost.totalh.net,DEAD_no_account
gazettealive.totalh.net,DEAD_no_account
gazettemontreal.lovestoblog.com,ALIVE
gazettetheweekly.lovestoblog.com,DEAD_no_account
gemmahenry.lovestoblog.com,DEAD_no_account
gemmaperini.iblogger.org,DEAD_no_account
gemmatildesley.is-great.org,DEAD_no_account
geneconway.iblogger.org,DEAD_no_account
genegermain.iblogger.org,DEAD_no_account
generalthetrust.kesug.com,DEAD_no_account
geneross.great-site.net,DEAD_no_account
genesislambert.wuaze.com,DEAD_no_account
genevieve.iblogger.org,DEAD_no_account
genevieveowen.great-site.net,DEAD_no_account
genevievesimmons.kesug.com,DEAD_no_account
genevtrevino.kesug.com,DEAD_no_account
genovarichard.totalh.net,DEAD_no_account
geoff.iblogger.org,DEAD_no_account
georgebruton.my-board.org,DEAD_no_account
georgemarshall.is-great.net,DEAD_no_account
georgepaterson.kesug.com,DEAD_no_account
georgepayne.kesug.com,DEAD_no_account
georgiaclarke.iblogger.org,DEAD_no_account
georgiamarks.kesug.com,DEAD_no_account
georgiastrong.is-best.net,DEAD_no_account
georginacollins.lovestoblog.com,DEAD_no_account
georginafield.is-great.net,DEAD_no_account
geraldjarvis.lovestoblog.com,DEAD_no_account
geraldrocha.is-great.org,DEAD_no_account
geraldsharma.great-site.net,DEAD_no_account
gerardaamadori.wuaze.com,DEAD_no_account
gerardooconn.iblogger.org,DEAD_no_account
gerarlars.kesug.com,DEAD_no_account
gercsralexadra.synergize.co,DEAD_no_account
gerfriedlukas.is-great.net,DEAD_no_account
gerhartbrandl.wuaze.com,DEAD_no_account
germainlaroch.lovestoblog.com,DEAD_no_account
gglobemornin.great-site.net,DEAD_no_account
ghatnewdaynews.mydiscussion.net,DEAD_no_account
gianfumagalli.kesug.com,DEAD_no_account
gianlucareale.iblogger.org,DEAD_no_account
giannakirby.lovestoblog.com,DEAD_no_account
gianniheller.likesyou.org,DEAD_no_account
gianniho.is-best.net,DEAD_no_account
gianninorenna.kesug.com,DEAD_no_account
giaparks.wuaze.com,DEAD_no_account
giavannabennett.lovestoblog.com,DEAD_no_account
gilbertsearcy.kesug.com,DEAD_no_account
gildapeck.is-great.net,DEAD_no_account
gillpaterson.iblogger.org,DEAD_no_account
ginabruner.lovestoblog.com,DEAD_no_account
ginafoster.wuaze.com,DEAD_no_account
ginosimmons.is-great.net,DEAD_no_account
ginoswanson.is-great.org,DEAD_no_account
giooliva.iblogger.org,DEAD_no_account
giovannaconte.lovestoblog.com,DEAD_no_account
girolamaiodice.wuaze.com,DEAD_no_account
giselleholmes.iblogger.org,DEAD_no_account
giuliettaalessi.wuaze.com,DEAD_no_account
giuseppegaudet.is-great.net,DEAD_no_account
giuseppeknight.great-site.net,DEAD_no_account
giusifusco.lovestoblog.com,DEAD_no_account
giustolazzaro.wuaze.com,DEAD_no_account
gladysriggs.wuaze.com,DEAD_no_account
glamnelamesa.lovestoblog.com,DEAD_no_account
glamourguide.mydiscussion.net,DEAD_no_account
glendaadkins.wuaze.com,DEAD_no_account
glendaspears.wuaze.com,DEAD_no_account
glenharrington.iblogger.org,DEAD_no_account
glennabanks.iblogger.org,DEAD_no_account
glennblevin.is-great.org,DEAD_no_account
glenncheung.wuaze.com,DEAD_no_account
glennnickerson.great-site.net,DEAD_no_account
glenntucker.wuaze.com,DEAD_no_account
glicecayley.is-best.net,DEAD_no_account
globalchronicle.wuaze.com,DEAD_no_account
globeandthemail.social-networking.me,DEAD_no_account
globegazers.my-style.in,ALIVE
globethemail.my-board.org,DEAD_no_account
gloriahaberl.lovestoblog.com,DEAD_no_account
gloriareilly.kesug.com,DEAD_no_account
glorynews.kesug.com,DEAD_no_account
goldenstarthe.wuaze.com,DEAD_no_account
goldiezamora.iblogger.org,DEAD_no_account
gomezjeffery.great-site.net,DEAD_no_account
gonxhesharma.great-site.net,DEAD_no_account
gonxhesharma.iblogger.org,DEAD_no_account
gordnorman.iblogger.org,DEAD_no_account
gordonharris.wuaze.com,DEAD_no_account
gottliebbrunner.lovestoblog.com,DEAD_no_account
graceedwards.is-great.net,DEAD_no_account
graciebass.is-best.net,DEAD_no_account
graciebride.iblogger.org,DEAD_no_account
graciejacobs.is-great.net,DEAD_no_account
gracieorr.great-site.net,DEAD_no_account
gracierod.wuaze.com,DEAD_no_account
graciewu.iblogger.org,DEAD_no_account
graemebayliss.iblogger.org,DEAD_no_account
graemefrench.infinityfree.me,UNCERTAIN_timeout
grahamblank.lovestoblog.com,DEAD_no_account
grahamejenkins.is-great.org,DEAD_no_account
graighenry.is-great.net,DEAD_no_account
grantharrin.is-best.net,DEAD_no_account
grantleblanc.is-great.net,DEAD_no_account
grantreed.is-great.org,DEAD_no_account
graphicthedaily.wuaze.com,DEAD_no_account
gregcairns.is-best.net,DEAD_no_account
gregoriacastell.kesug.com,DEAD_no_account
gregoriospina.is-great.net,DEAD_no_account
gregorschrammel.kesug.com,DEAD_no_account
gretaberetta.kesug.com,DEAD_no_account
gretawebster.kesug.com,DEAD_no_account
gretweeks.iblogger.org,DEAD_no_account
griffinaustin.is-great.net,DEAD_no_account
groverpaul.iblogger.org,DEAD_no_account
groverreeves.great-site.net,DEAD_no_account
guardianthechelse.lovestoblog.com,DEAD_no_account
guardianthenews.great-site.net,DEAD_no_account
guardianthenews.is-best.net,DEAD_no_account
guidenewles.great-site.net,ALIVE
guidethelondon.lovestoblog.com,DEAD_no_account
guillergarza.is-great.net,DEAD_no_account
gulfnewsthetwinmos.mydiscussion.net,DEAD_no_account
gulfthetimes.my-style.in,DEAD_no_account
gustavoatwell.is-best.net,DEAD_no_account
gustavooliver.is-great.net,DEAD_no_account
guycook.iblogger.org,DEAD_no_account
guyknox.is-great.net,DEAD_no_account
guylainemcmahon.great-site.net,DEAD_no_account
gwenarnold.wuaze.com,DEAD_no_account
gwendolarsen.kesug.com,DEAD_no_account
gwenesquivel.lovestoblog.com,DEAD_no_account
gwenkaufman.is-best.net,DEAD_no_account
gwenmack.kesug.com,DEAD_no_account
gwynethcamacho.lovestoblog.com,DEAD_no_account
gyorffiszilvia.likesyou.org,DEAD_no_account
hackensackrecord.great-site.net,DEAD_no_account
hadassahshah.kesug.com,DEAD_no_account
hadleemosley.lovestoblog.com,DEAD_no_account
hadleyestra.wuaze.com,DEAD_no_account
haileeseitz.likesyou.org,DEAD_no_account
haileybowen.kesug.com,DEAD_no_account
haisleytyler.iblogger.org,DEAD_no_account
hakeemherron.wuaze.com,DEAD_no_account
hakeemmichael.is-great.org,DEAD_no_account
haleyalexander.is-great.org,DEAD_no_account
haleyayala.wuaze.com,DEAD_no_account
haleyhenriq.iblogger.org,DEAD_no_account
haleylara.kesug.com,DEAD_no_account
hamishblack.wuaze.com,DEAD_no_account
hamishgrose.wuaze.com,DEAD_no_account
hamishlipscombe.lovestoblog.com,DEAD_no_account
hanantoxopeus.wuaze.com,DEAD_no_account
hanaterry.is-great.org,DEAD_no_account
hankchang.is-great.org,DEAD_no_account
hannaevelyn.iblogger.org,DEAD_no_account
hannaflanders.is-best.net,DEAD_no_account
hannahduke.is-great.org,DEAD_no_account
hannahrempel.iblogger.org,DEAD_no_account
hannahwolfe.is-great.net,DEAD_no_account
hannarandall.great-site.net,DEAD_no_account
harborherald.great-site.net,ALIVE
harisonmotes.is-great.org,DEAD_no_account
harlanaguilar.iblogger.org,DEAD_no_account
harlapierce.iblogger.org,DEAD_no_account
harleyacosta.great-site.net,DEAD_no_account
harleygordon.wuaze.com,DEAD_no_account
harmonenrique.is-great.org,DEAD_no_account
harmoniduffy.great-site.net,DEAD_no_account
harmonipotts.kesug.com,DEAD_no_account
harmonyharbinger.lovestoblog.com,DEAD_no_account
harmonyhaven.great-site.net,DEAD_no_account
harmonyherald.wuaze.com,DEAD_no_account
haroldsierra.is-great.org,DEAD_no_account
harperelliott.lovestoblog.com,DEAD_no_account
harrisdouglas.lovestoblog.com,DEAD_no_account
harrisonberry.lovestoblog.com,DEAD_no_account
harrisonley.lovestoblog.com,DEAD_no_account
harrisonstapleton.is-great.org,DEAD_no_account
harrybrowne.kesug.com,DEAD_no_account
harrykemble.is-great.org,ALIVE
harrystrong.is-great.org,DEAD_no_account
harrytalbot.is-great.org,DEAD_no_account
hartwigeller.kesug.com,DEAD_no_account
harveyashley.iblogger.org,DEAD_no_account
harveymurdock.lovestoblog.com,DEAD_no_account
harveyramon.my-style.in,DEAD_no_account
hassancompton.great-site.net,DEAD_no_account
hassanmonroe.is-great.org,DEAD_no_account
hassanpreston.is-great.org,DEAD_no_account
hassansuarez.is-best.net,DEAD_no_account
hattiepetty.iblogger.org,DEAD_no_account
havenklock.wuaze.com,DEAD_no_account
haydenmalone.iblogger.org,DEAD_no_account
hayleegallegos.lovestoblog.com,DEAD_no_account
hayleyduval.lovestoblog.com,DEAD_no_account
hayleyfollett.is-great.org,DEAD_no_account
hayleylaseron.lovestoblog.com,DEAD_no_account
hayliefindley.kesug.com,DEAD_no_account
hazelwall.is-great.net,DEAD_no_account
hectorrollins.is-great.org,DEAD_no_account
heidekaufmann.great-site.net,DEAD_no_account
heidiolsen.iblogger.org,DEAD_no_account
heidiross.iblogger.org,DEAD_no_account
heidizohrer.great-site.net,DEAD_no_account
heikebrauer.lovestoblog.com,DEAD_no_account
heikekohl.is-great.net,DEAD_no_account
helenbutt.is-best.net,DEAD_no_account
helencain.totalh.net,DEAD_no_account
helenehernandez.kesug.com,DEAD_no_account
helenehodge.is-great.org,DEAD_no_account
helenemueller.kesug.com,DEAD_no_account
heleneroy.lovestoblog.com,DEAD_no_account
helfriedlutz.wuaze.com,DEAD_no_account
hennaharikkala.is-best.net,DEAD_no_account
henriqualm.wuaze.com,DEAD_no_account
henryambrose.wuaze.com,ALIVE
henryhartman.is-great.net,DEAD_no_account
henrymalone.kesug.com,DEAD_no_account
heraldaily.infinityfreeapp.com,DEAD_no_account
heraldalex.great-site.net,DEAD_no_account
heraldcalgary.fanclub.rocks,DEAD_no_account
heraldharbor.great-site.net,DEAD_no_account
heraldworld.great-site.net,DEAD_no_account
herberstanton.is-best.net,DEAD_no_account
herbertallen.is-best.net,DEAD_no_account
herbertfoster.iblogger.org,DEAD_no_account
herbertshort.is-great.net,DEAD_no_account
hermanneman.my-board.org,DEAD_no_account
hermiacantr.is-best.net,DEAD_no_account
hershelson.great-site.net,DEAD_no_account
hersheltran.is-best.net,DEAD_no_account
hgentanalysis.is-best.net,DEAD_no_account
hilarycann.lovestoblog.com,DEAD_no_account
hildaerickson.kesug.com,DEAD_no_account
hildajordan.lovestoblog.com,DEAD_no_account
hildawiggins.lovestoblog.com,DEAD_no_account
himalayanthetimes.fanclub.rocks,ALIVE
hinduthestantimes.likesyou.org,DEAD_no_account
hiramgoodman.wuaze.com,DEAD_no_account
hiramjimenez.kesug.com,DEAD_no_account
hoenixvulses.synergize.co,DEAD_no_account
hogwartsfreepress.great-site.net,DEAD_no_account
hogwartstheglobe.kesug.com,DEAD_no_account
hogwartsthemetro.wuaze.com,DEAD_no_account
hogwartsthenews.kesug.com,DEAD_no_account
hogwartsthepress.loveslife.biz,DEAD_no_account
hogwartthedaily.wuaze.com,DEAD_no_account
hollandmichael.great-site.net,DEAD_no_account
holliepriestley.iblogger.org,DEAD_no_account
hollybecker.wuaze.com,DEAD_no_account
hollygeils.great-site.net,DEAD_no_account
hollyjeanneret.is-best.net,DEAD_no_account
hollyquinn.is-best.net,DEAD_no_account
hongdelisle.my-board.org,DEAD_no_account
hongreid.lovestoblog.com,DEAD_no_account
honoriocolli.kesug.com,ALIVE
horacenorris.great-site.net,DEAD_no_account
horacoberb.iblogger.org,DEAD_no_account
horizondaily.wuaze.com,DEAD_no_account
hortencaamal.lovestoblog.com,DEAD_no_account
houstonalvinnews.kesug.com,DEAD_no_account
houstongreene.iblogger.org,DEAD_no_account
houstonrich.is-best.net,DEAD_no_account
houstonstoll.great-site.net,DEAD_no_account
howardjaeger.kesug.com,DEAD_no_account
hoytchen.wuaze.com,DEAD_no_account
huberthanna.kesug.com,DEAD_no_account
huckleelm.loveslife.biz,DEAD_no_account
huckleelmthenews.great-site.net,DEAD_no_account
hudsonconnolly.synergize.co,DEAD_no_account
hudsoncrowther.kesug.com,DEAD_no_account
hudsoningram.lovestoblog.com,DEAD_no_account
hughenglish.lovestoblog.com,DEAD_no_account
hugoblakey.my-style.in,ALIVE
hugobrien.lovestoblog.com,DEAD_no_account
hugohowell.lovestoblog.com,ALIVE
hugojurado.wuaze.com,DEAD_no_account
hugokaberry.fanclub.rocks,DEAD_no_account
hugoshearston.is-great.net,DEAD_no_account
humbertocasi.iblogger.org,ALIVE
humbertosanb.great-site.net,DEAD_no_account
hungsnow.is-best.net,DEAD_no_account
hunkietournal.fanclub.rocks,DEAD_no_account
hunteradey.kesug.com,DEAD_no_account
hunterbeditch.great-site.net,DEAD_no_account
huntercatchpole.loveslife.biz,DEAD_no_account
hunterconley.wuaze.com,DEAD_no_account
hunterfox.my-board.org,DEAD_no_account
hunterkashiwagi.lovestoblog.com,ALIVE
huntermcgir.is-great.net,DEAD_no_account
huwunder.is-best.net,DEAD_no_account
ianhenderson.lovestoblog.com,DEAD_no_account
iansexton.lovestoblog.com,DEAD_no_account
ianzhu.great-site.net,DEAD_no_account
ibrahimander.is-best.net,DEAD_no_account
ibrahimerickson.iblogger.org,DEAD_no_account
idafischer.iblogger.org,DEAD_no_account
idrisgonzalez.is-great.org,DEAD_no_account
ifanalva.kesug.com,DEAD_no_account
ignaciocor.iblogger.org,DEAD_no_account
ignacioquigley.great-site.net,DEAD_no_account
ignacioreed.is-great.org,DEAD_no_account
ikerhendrix.iblogger.org,DEAD_no_account
ilonakrug.lovestoblog.com,DEAD_no_account
imanishelton.great-site.net,DEAD_no_account
imeldafruhwirth.is-best.net,DEAD_no_account
immacolata.lovestoblog.com,DEAD_no_account
imogenbogle.great-site.net,DEAD_no_account
imranreynolds.is-best.net,DEAD_no_account
independentatlanta.synergize.co,DEAD_no_account
independenteogwarts.lovestoblog.com,DEAD_no_account
independentmorning.totalh.net,DEAD_no_account
independentnews.is-great.org,DEAD_no_account
independentthenews.wuaze.com,DEAD_no_account
independthenews.great-site.net,DEAD_no_account
indiekeller.lovestoblog.com,DEAD_no_account
indigoleaf.nichesite.org,DEAD_no_account
indigoleafnews.social-networking.me,DEAD_no_account
inesbachmeier.is-great.org,DEAD_no_account
inesmercado.kesug.com,DEAD_no_account
inessta.iblogger.org,DEAD_no_account
infiniternsight.loveslife.biz,DEAD_no_account
informerinsight.great-site.net,DEAD_no_account
ingridcyr.lovestoblog.com,DEAD_no_account
inocentecastre.wuaze.com,DEAD_no_account
inquirerfogwarts.wuaze.com,DEAD_no_account
inquirersaturday.iblogger.org,DEAD_no_account
insideauthority.is-best.net,DEAD_no_account
insideauthority.nichesite.org,ALIVE
inspectorthenews.is-best.net,DEAD_no_account
ioancarey.great-site.net,DEAD_no_account
iqrawells.iblogger.org,DEAD_no_account
iracotter.my-style.in,DEAD_no_account
iradorman.nichesite.org,DEAD_no_account
iralivingston.is-great.org,DEAD_no_account
iramcmillan.kesug.com,DEAD_no_account
irawolf.great-site.net,DEAD_no_account
irelandkerns.kesug.com,DEAD_no_account
irenarausch.wuaze.com,DEAD_no_account
ireneturner.great-site.net,DEAD_no_account
irfangale.is-best.net,DEAD_no_account
irisbaird.is-great.net,DEAD_no_account
irishtheindependent.is-great.org,DEAD_no_account
irishthetimes.kesug.com,DEAD_no_account
irismorrow.lovestoblog.com,DEAD_no_account
irisstephenson.lovestoblog.com,DEAD_no_account
irvinroush.iblogger.org,DEAD_no_account
irwincampos.lovestoblog.com,DEAD_no_account
irwingutierr.is-best.net,DEAD_no_account
isaaceade.lovestoblog.com,DEAD_no_account
isaacmoulton.is-great.net,ALIVE
isaacrowcroft.great-site.net,DEAD_no_account
isabejenkins.is-great.net,DEAD_no_account
isabelalamb.is-great.net,DEAD_no_account
isabelaufder.wuaze.com,DEAD_no_account
isabelbenny.great-site.net,DEAD_no_account
isabelbradley.great-site.net,DEAD_no_account
isabelfrench.iblogger.org,DEAD_no_account
isabellaarsen.lovestoblog.com,DEAD_no_account
isabellang.is-best.net,DEAD_no_account
isabellavarack.is-great.org,DEAD_no_account
isabellebullock.kesug.com,DEAD_no_account
isabelleharpur.lovestoblog.com,ALIVE
isabellemason.wuaze.com,DEAD_no_account
isabelmargarot.lovestoblog.com,DEAD_no_account
isabelnagle.is-great.net,DEAD_no_account
isabelnorman.wuaze.com,DEAD_no_account
isabelrollins.wuaze.com,DEAD_no_account
isaiasfox.iblogger.org,DEAD_no_account
ishaancameron.is-great.net,DEAD_no_account
isiahkey.is-great.org,DEAD_no_account
isidoraonofre.is-great.net,DEAD_no_account
isisroark.is-best.net,DEAD_no_account
islachaffey.is-great.org,DEAD_no_account
islanathan.wuaze.com,DEAD_no_account
isobebridges.iblogger.org,DEAD_no_account
issaccalderon.is-great.net,DEAD_no_account
itreadabout.great-site.net,DEAD_no_account
ivannowak.is-great.net,DEAD_no_account
ivanrazo.iblogger.org,DEAD_no_account
ivapineda.lovestoblog.com,DEAD_no_account
ivoryyu.lovestoblog.com,DEAD_no_account
ivylavoie.great-site.net,DEAD_no_account
ivyrandall.is-great.net,DEAD_no_account
iyanasoria.wuaze.com,DEAD_no_account
jacespears.kesug.com,DEAD_no_account
jacintagovea.iblogger.org,ALIVE
jacintofrazier.wuaze.com,DEAD_no_account
jackbeavis.is-great.org,DEAD_no_account
jackcorbett.iblogger.org,DEAD_no_account
jackietaylor.kesug.com,DEAD_no_account
jacklazzarini.great-site.net,DEAD_no_account
jacklyndodson.wuaze.com,DEAD_no_account
jacklynlarson.is-great.org,DEAD_no_account
jackmolle.is-best.net,DEAD_no_account
jackmontes.wuaze.com,DEAD_no_account
jackphillips.great-site.net,DEAD_no_account
jackpumpkin.my-style.in,DEAD_no_account
jacksonbaudin.is-great.org,DEAD_no_account
jacksoncannon.is-best.net,DEAD_no_account
jacksoncorfield.likesyou.org,DEAD_no_account
jacksongood.is-best.net,DEAD_no_account
jacksonlazzarini.is-best.net,DEAD_no_account
jacksonsymes.is-great.net,DEAD_no_account
jackstelzer.iblogger.org,DEAD_no_account
jacksullivan.iblogger.org,DEAD_no_account
jackturgeon.wuaze.com,DEAD_no_account
jackwilson.great-site.net,DEAD_no_account
jacobbeazley.is-great.net,DEAD_no_account
jacobbeeby.great-site.net,DEAD_no_account
jacobbirtwistle.lovestoblog.com,DEAD_no_account
jacobcopelas.wuaze.com,DEAD_no_account
jacobcurmi.great-site.net,DEAD_no_account
jacobgregor.is-best.net,DEAD_no_account
jacobknox.is-best.net,ALIVE
jacobkossak.kesug.com,DEAD_no_account
jacobpotter.wuaze.com,DEAD_no_account
jacobyklein.iblogger.org,DEAD_no_account
jacobymontgo.is-best.net,DEAD_no_account
jacopomarchese.is-best.net,DEAD_no_account
jacquecullough.wuaze.com,DEAD_no_account
jacquemanza.is-best.net,DEAD_no_account
jadendaughe.kesug.com,DEAD_no_account
jadendean.is-great.org,DEAD_no_account
jadwigaauer.is-best.net,DEAD_no_account
jaelynfrick.wuaze.com,DEAD_no_account
jaelynntruji.wuaze.com,DEAD_no_account
jaggerchang.iblogger.org,DEAD_no_account
jahinstevens.is-great.net,DEAD_no_account
jaimebruce.iblogger.org,DEAD_no_account
jaimecarrillo.iblogger.org,DEAD_no_account
jaimemorrison.iblogger.org,DEAD_no_account
jaimesharpe.lovestoblog.com,DEAD_no_account
jaiprevost.wuaze.com,DEAD_no_account
jaisasimons.great-site.net,DEAD_no_account
jakarihart.is-best.net,DEAD_no_account
jakartathepost.great-site.net,ALIVE
jakarthetaglobe.wuaze.com,DEAD_no_account
jakebenjamin.lovestoblog.com,DEAD_no_account
jakebenn.is-great.org,DEAD_no_account
jakebennett.lovestoblog.com,DEAD_no_account
jakegalvin.is-best.net,DEAD_no_account
jakegoodwin.iblogger.org,DEAD_no_account
jakemarshall.great-site.net,DEAD_no_account
jakemorant.is-great.org,DEAD_no_account
jakeross.great-site.net,DEAD_no_account
jakerowntree.wuaze.com,DEAD_no_account
jakobdeleon.is-best.net,DEAD_no_account
jakobefernandez.iblogger.org,DEAD_no_account
jakobliu.is-best.net,DEAD_no_account
jalynbroome.wuaze.com,DEAD_no_account
jamaalsharp.great-site.net,DEAD_no_account
jamaicaobtheserver.synergize.co,DEAD_no_account
jamalgrimes.lovestoblog.com,DEAD_no_account
jamarcusqueen.lovestoblog.com,DEAD_no_account
jamelandrade.is-great.net,DEAD_no_account
jamelandry.is-great.net,DEAD_no_account
jamelleblanc.is-best.net,DEAD_no_account
jameshoover.lovestoblog.com,DEAD_no_account
jamesmills.is-great.net,DEAD_no_account
jamesrees.great-site.net,DEAD_no_account
jamewest.wuaze.com,DEAD_no_account
jamieboily.is-great.net,DEAD_no_account
jamiecrook.is-great.net,DEAD_no_account
jamiehaswel.wuaze.com,DEAD_no_account
jamieherman.wuaze.com,DEAD_no_account
jamiehogan.wuaze.com,DEAD_no_account
jamieholmes.great-site.net,DEAD_no_account
jamieleane.is-great.org,DEAD_no_account
jamircannon.is-great.net,DEAD_no_account
janadams.wuaze.com,DEAD_no_account
janayaqeen.lovestoblog.com,DEAD_no_account
janayspangler.is-great.org,DEAD_no_account
janblackwell.kesug.com,DEAD_no_account
janblais.lovestoblog.com,DEAD_no_account
janbright.iblogger.org,DEAD_no_account
janeayers.kesug.com,DEAD_no_account
janeharrell.is-great.net,DEAD_no_account
janekklinger.kesug.com,DEAD_no_account
janelleirwin.great-site.net,DEAD_no_account
janellevaughan.great-site.net,DEAD_no_account
janemorgan.lovestoblog.com,DEAD_no_account
janetcazarez.lovestoblog.com,DEAD_no_account
janethwillson.wuaze.com,DEAD_no_account
janetroach.great-site.net,DEAD_no_account
janetwhelan.kesug.com,DEAD_no_account
janiceberry.kesug.com,DEAD_no_account
janieibrahim.iblogger.org,DEAD_no_account
janieschott.great-site.net,DEAD_no_account
janinalowe.great-site.net,DEAD_no_account
janinehaslinger.wuaze.com,DEAD_no_account
janislogan.great-site.net,DEAD_no_account
janiyahhanson.kesug.com,DEAD_no_account
janjanovotny.lovestoblog.com,DEAD_no_account
janjones.great-site.net,DEAD_no_account
janniegarrett.is-great.org,DEAD_no_account
janporter.great-site.net,DEAD_no_account
jansailer.is-best.net,DEAD_no_account
jantheissen.is-great.net,DEAD_no_account
janwest.lovestoblog.com,DEAD_no_account
japanthetimes.lovestoblog.com,DEAD_no_account
jarednoble.is-great.net,DEAD_no_account
jaremyers.kesug.com,DEAD_no_account
jarinlivanews.totalh.net,DEAD_no_account
jarodjacobs.is-best.net,DEAD_no_account
jarodlindberg.kesug.com,DEAD_no_account
jarrodbarry.kesug.com,DEAD_no_account
jarrodcox.is-great.net,DEAD_no_account
jarvisveum.is-best.net,DEAD_no_account
jasiahsims.iblogger.org,DEAD_no_account
jasikajemi.is-great.net,DEAD_no_account
jasmineayala.iblogger.org,DEAD_no_account
jasmineblacket.wuaze.com,DEAD_no_account
jasminegood.iblogger.org,DEAD_no_account
jasmineharmon.is-great.net,DEAD_no_account
jasminemcdonald.is-best.net,DEAD_no_account
jasmineoconn.iblogger.org,DEAD_no_account
jasminmacher.great-site.net,DEAD_no_account
jasnanemec.wuaze.com,DEAD_no_account
jasondao.iblogger.org,DEAD_no_account
jasonjahan.lovestoblog.com,DEAD_no_account
jaspernavarro.great-site.net,DEAD_no_account
jaughanbyson.is-great.org,ALIVE
javiersantos.is-great.net,DEAD_no_account
javontedelval.lovestoblog.com,DEAD_no_account
jaxenpaul.is-great.net,DEAD_no_account
jaxenrogers.is-great.org,DEAD_no_account
jaxongriffith.is-best.net,DEAD_no_account
jaxtyncarpenter.is-best.net,DEAD_no_account
jaxtyndennis.iblogger.org,DEAD_no_account
jaxxonmoses.lovestoblog.com,DEAD_no_account
jaxxpreston.is-best.net,DEAD_no_account
jaybray.kesug.com,DEAD_no_account
jaydahanna.wuaze.com,DEAD_no_account
jaydenbrose.lovestoblog.com,ALIVE
jaydenchair.kesug.com,DEAD_no_account
jaydencorrea.nichesite.org,DEAD_no_account
jaydencoveny.is-best.net,DEAD_no_account
jaydenrebell.is-great.net,DEAD_no_account
jayferguson.lovestoblog.com,DEAD_no_account
jaylamiles.wuaze.com,DEAD_no_account
jayleenmeek.kesug.com,DEAD_no_account
jaylenanthony.is-best.net,DEAD_no_account
jaylinkoehler.lovestoblog.com,DEAD_no_account
jaynacouture.iblogger.org,DEAD_no_account
jaynelam.is-best.net,DEAD_no_account
jaynerush.great-site.net,DEAD_no_account
jaysonmadden.kesug.com,DEAD_no_account
jazielnguyen.kesug.com,DEAD_no_account
jazmincurran.is-best.net,DEAD_no_account
jazmineconrad.kesug.com,DEAD_no_account
jazminowen.is-great.org,DEAD_no_account
jeanclaude.wuaze.com,DEAD_no_account
jeandesbiens.great-site.net,DEAD_no_account
jeaniewilli.wuaze.com,DEAD_no_account
jeanlucia.lovestoblog.com,DEAD_no_account
jeanlynn.great-site.net,DEAD_no_account
jeanmarc.is-great.net,DEAD_no_account
jeanniehodgson.iblogger.org,DEAD_no_account
jeanrivas.iblogger.org,DEAD_no_account
jeanvallieres.kesug.com,DEAD_no_account
jeclandrumond.great-site.net,DEAD_no_account
jedidiahdawson.is-great.org,DEAD_no_account
jedidiahmorgan.wuaze.com,DEAD_no_account
jedidiahwalls.iblogger.org,DEAD_no_account
jedjuben.iblogger.org,DEAD_no_account
jeffereymcdanie.is-best.net,DEAD_no_account
jeffereyvill.wuaze.com,DEAD_no_account
jefferharding.iblogger.org,DEAD_no_account
jeffersonsosa.wuaze.com,DEAD_no_account
jefferystrom.iblogger.org,DEAD_no_account
jefffried.is-best.net,DEAD_no_account
jeffjacobs.is-best.net,DEAD_no_account
jeffreyes.great-site.net,DEAD_no_account
jeffreyhorne.is-best.net,DEAD_no_account
jeffreyrogers.is-great.net,DEAD_no_account
jeffreywright.is-great.org,DEAD_no_account
jeffrybowman.is-best.net,DEAD_no_account
jemmablake.wuaze.com,DEAD_no_account
jenesisguerrero.wuaze.com,DEAD_no_account
jenesissan.wuaze.com,DEAD_no_account
jeniferrothtein.nichesite.org,DEAD_no_account
jeniffclemons.kesug.com,DEAD_no_account
jenkins.wuaze.com,DEAD_no_account
jenniefry.kesug.com,DEAD_no_account
jennieneal.lovestoblog.com,DEAD_no_account
jennifergodoy.kesug.com,DEAD_no_account
jennifermorgan.is-great.net,DEAD_no_account
jennwebster.kesug.com,DEAD_no_account
jensalenbadru.nichesite.org,DEAD_no_account
jensenmorrison.iblogger.org,DEAD_no_account
jenswalter.is-best.net,DEAD_no_account
jerejames.lovestoblog.com,DEAD_no_account
jeremiaslee.is-great.net,DEAD_no_account
jeremyhayward.fanclub.rocks,DEAD_no_account
jeremykaur.great-site.net,DEAD_no_account
jeremyperrett.great-site.net,DEAD_no_account
jerimiahhaman.lovestoblog.com,DEAD_no_account
jeroncamar.iblogger.org,DEAD_no_account
jerrodrad.is-best.net,DEAD_no_account
jerrolbowen.is-great.org,DEAD_no_account
jerrylowe.is-best.net,DEAD_no_account
jerrymunoz.is-best.net,DEAD_no_account
jerrymurphy.wuaze.com,DEAD_no_account
jerrypalmer.is-great.org,DEAD_no_account
jerryperry.is-best.net,DEAD_no_account
jerusathelempost.lovestoblog.com,DEAD_no_account
jesperdanielsen.kesug.com,DEAD_no_account
jesseclarke.kesug.com,DEAD_no_account
jesseselheim.is-great.org,DEAD_no_account
jessicacremean.is-great.net,ALIVE
jessicahofmann.wuaze.com,DEAD_no_account
jessicameudell.lovestoblog.com,DEAD_no_account
jessicamills.page.gd,UNCERTAIN_timeout
jessicawarren.great-site.net,DEAD_no_account
jessiebeck.is-great.net,DEAD_no_account
jessikacanan.is-great.org,DEAD_no_account
jessikaoster.wuaze.com,DEAD_no_account
jesswilkinson.wuaze.com,DEAD_no_account
jetawales.wuaze.com,ALIVE
jettlittle.is-great.net,DEAD_no_account
jettlusbent.is-best.net,DEAD_no_account
jettpollard.is-best.net,ALIVE
jialitangal.kesug.com,DEAD_no_account
jianhunter.lovestoblog.com,DEAD_no_account
jiaschoots.is-best.net,DEAD_no_account
jillekruithof.is-great.net,DEAD_no_account
jillianfigueroa.iblogger.org,DEAD_no_account
jilloconnor.is-best.net,DEAD_no_account
jillslack.is-best.net,DEAD_no_account
jimdonaldson.is-great.net,DEAD_no_account
jimenaenglish.is-great.org,DEAD_no_account
jimmiefields.is-best.net,DEAD_no_account
jimmieleach.lovestoblog.com,DEAD_no_account
jimmycontreras.iblogger.org,DEAD_no_account
jimmyharrison.great-site.net,DEAD_no_account
jinggodbout.iblogger.org,DEAD_no_account
jinklapwijk.is-great.net,DEAD_no_account
jintutangela.loveslife.biz,DEAD_no_account
joandicki.is-best.net,DEAD_no_account
joanlang.lovestoblog.com,DEAD_no_account
joannahuang.lovestoblog.com,DEAD_no_account
joannehenderson.lovestoblog.com,DEAD_no_account
joannelam.is-great.net,DEAD_no_account
joannemarshall.iblogger.org,DEAD_no_account
jocelynchristian.kesug.com,DEAD_no_account
jodicneil.kesug.com,DEAD_no_account
jodiebethe.my-board.org,DEAD_no_account
jodirenaud.iblogger.org,DEAD_no_account
jodyfernandes.is-great.net,DEAD_no_account
jodylafreniere.kesug.com,DEAD_no_account
joeball.is-great.net,DEAD_no_account
joecobb.is-best.net,DEAD_no_account
joegrigsby.infinityfree.me,UNCERTAIN_timeout
joelallen.wuaze.com,DEAD_no_account
joelcollicott.iblogger.org,DEAD_no_account
joeldumares.great-site.net,DEAD_no_account
joelpaling.is-best.net,ALIVE
joelteasdale.wuaze.com,DEAD_no_account
joeyhood.great-site.net,DEAD_no_account
joeylim.is-great.org,DEAD_no_account
johannaarredo.my-style.in,DEAD_no_account
johannabarrett.kesug.com,DEAD_no_account
johannacorbett.iblogger.org,DEAD_no_account
johanneroberts.iblogger.org,DEAD_no_account
johanneskaiser.is-best.net,DEAD_no_account
johnathancalderon.iblogger.org,DEAD_no_account
johnathansmith.wuaze.com,DEAD_no_account
johnbush.is-great.org,DEAD_no_account
johncabe.is-best.net,DEAD_no_account
johnhomburg.great-site.net,DEAD_no_account
johnjohnson.iblogger.org,DEAD_no_account
johnmcnab.great-site.net,DEAD_no_account
johnnyfong.is-great.org,DEAD_no_account
johnnymc.great-site.net,DEAD_no_account
johnrobert.is-great.org,DEAD_no_account
johnrobert.lovestoblog.com,DEAD_no_account
johnroberts.lovestoblog.com,DEAD_no_account
johnsoncody.is-great.net,DEAD_no_account
johnsondavid.is-great.net,DEAD_no_account
johnsonrichardson.iblogger.org,DEAD_no_account
johnsonsanford.is-great.org,DEAD_no_account
johntarver.is-great.org,DEAD_no_account
johnweircel.is-great.org,DEAD_no_account
jolenehackney.is-best.net,DEAD_no_account
jonahwesley.kesug.com,DEAD_no_account
jonakastner.great-site.net,DEAD_no_account
jonasbarron.iblogger.org,DEAD_no_account
jonashudson.iblogger.org,DEAD_no_account
jonashutchin.wuaze.com,DEAD_no_account
jonasramsey.is-great.org,DEAD_no_account
jonaswithers.is-best.net,DEAD_no_account
jonathanaustin.iblogger.org,DEAD_no_account
jonathandawson.lovestoblog.com,DEAD_no_account
jonathanunwin.is-best.net,DEAD_no_account
jonathon.iblogger.org,DEAD_no_account
jonbowen.is-great.net,DEAD_no_account
jondough.is-great.net,DEAD_no_account
joneslittle.is-great.net,DEAD_no_account
jonfuentes.kesug.com,DEAD_no_account
jonycorner.lovestoblog.com,DEAD_no_account
jordanhahn.wuaze.com,DEAD_no_account
jordanhuffman.wuaze.com,DEAD_no_account
jordannugent.lovestoblog.com,DEAD_no_account
jordanthetimes.fast-page.org,DEAD_no_account
jordanwong.lovestoblog.com,DEAD_no_account
jordendurant.iblogger.org,DEAD_no_account
jordenfree.is-best.net,DEAD_no_account
jordynkhan.page.gd,UNCERTAIN_timeout
jorporatecrunch.wuaze.com,DEAD_no_account
jorreneden.great-site.net,DEAD_no_account
josebaker.iblogger.org,DEAD_no_account
josedellinger.wuaze.com,DEAD_no_account
joseepoirier.kesug.com,DEAD_no_account
josefaharrison.wuaze.com,DEAD_no_account
josefgibson.lovestoblog.com,DEAD_no_account
josefmeixner.iblogger.org,DEAD_no_account
josefpiccoli.is-best.net,DEAD_no_account
josephgoward.is-great.org,DEAD_no_account
josephhardacre.great-site.net,DEAD_no_account
josephinedawson.great-site.net,DEAD_no_account
josephport.is-great.org,ALIVE
josephtorres.is-best.net,DEAD_no_account
josephwalton.iblogger.org,DEAD_no_account
josephwong.is-best.net,DEAD_no_account
josephzimme.is-best.net,DEAD_no_account
joserrano.kesug.com,DEAD_no_account
joshandrade.lovestoblog.com,DEAD_no_account
joshbuckley.lovestoblog.com,DEAD_no_account
joshuabeasley.lovestoblog.com,ALIVE
joshuaknight.my-board.org,DEAD_no_account
joshualebrun.great-site.net,DEAD_no_account
joshuapoole.is-best.net,DEAD_no_account
joshuarumpf.lovestoblog.com,DEAD_no_account
josiahortiz.is-great.net,DEAD_no_account
josiehenson.great-site.net,DEAD_no_account
josueolsen.great-site.net,DEAD_no_account
joukolintula.is-best.net,DEAD_no_account
journalcourier.iblogger.org,DEAD_no_account
journaledmonton.is-great.net,DEAD_no_account
journalhogwarts.lovestoblog.com,DEAD_no_account
journaljunkie.iblogger.org,DEAD_no_account
journalprovi.great-site.net,DEAD_no_account
journalreview.likesyou.org,DEAD_no_account
journalthecrest.iblogger.org,DEAD_no_account
journalwallstreet.lovestoblog.com,ALIVE
jovannitrejo.wuaze.com,DEAD_no_account
joycunnin.lovestoblog.com,DEAD_no_account
juanacalva.iblogger.org,ALIVE
juanavaldes.great-site.net,DEAD_no_account
juanitamckee.iblogger.org,DEAD_no_account
juanitawelsh.is-best.net,DEAD_no_account
judebarrera.wuaze.com,DEAD_no_account
judejohn.lovestoblog.com,DEAD_no_account
judekim.iblogger.org,DEAD_no_account
judithbell.lovestoblog.com,DEAD_no_account
judithbenson.wuaze.com,DEAD_no_account
judyholmes.is-best.net,DEAD_no_account
judyperron.is-best.net,DEAD_no_account
juelzbenton.is-best.net,DEAD_no_account
juelzsweeney.great-site.net,DEAD_no_account
juliacampos.wuaze.com,DEAD_no_account
julianaalatorre.great-site.net,DEAD_no_account
julianaschuster.iblogger.org,DEAD_no_account
juliancruz.is-best.net,DEAD_no_account
julianefiedler.is-great.org,DEAD_no_account
julianeoster.is-great.org,DEAD_no_account
julianharris.lovestoblog.com,DEAD_no_account
julianhogan.kesug.com,DEAD_no_account
julianmac.wuaze.com,DEAD_no_account
juliannablair.wuaze.com,DEAD_no_account
juliannasilva.wuaze.com,DEAD_no_account
juliannemartinez.iblogger.org,DEAD_no_account
juliasimpson.iblogger.org,ALIVE
juliawalton.kesug.com,DEAD_no_account
juliejarvis.is-best.net,DEAD_no_account
julieraymond.kesug.com,DEAD_no_account
juliettehancock.lovestoblog.com,DEAD_no_account
juliewentz.kesug.com,DEAD_no_account
juliodaniels.iblogger.org,DEAD_no_account
julissacloud.great-site.net,DEAD_no_account
julissaperkins.iblogger.org,DEAD_no_account
juliuskiss.lovestoblog.com,DEAD_no_account
juneduchesne.lovestoblog.com,DEAD_no_account
juniorjohnson.iblogger.org,DEAD_no_account
junioryi.iblogger.org,DEAD_no_account
justinannam.kesug.com,DEAD_no_account
justindufresne.is-great.net,DEAD_no_account
justingrant.iblogger.org,DEAD_no_account
justinmcmillan.is-great.net,DEAD_no_account
justinolney.lovestoblog.com,DEAD_no_account
justinowens.is-best.net,DEAD_no_account
justinseccombe.is-best.net,DEAD_no_account
justinsmalley.great-site.net,DEAD_no_account
justinwalker.kesug.com,DEAD_no_account
juthmullner.is-best.net,DEAD_no_account
jutisanders.wuaze.com,DEAD_no_account
kabirbutler.is-great.org,DEAD_no_account
kabirmorton.iblogger.org,DEAD_no_account
kademortensen.is-great.net,DEAD_no_account
kadinshoema.iblogger.org,DEAD_no_account
kaialozano.wuaze.com,DEAD_no_account
kaiberg.great-site.net,DEAD_no_account
kailaseals.kesug.com,DEAD_no_account
kailikwon.is-best.net,DEAD_no_account
kailynpence.lovestoblog.com,DEAD_no_account
kaisleylucero.wuaze.com,DEAD_no_account
kaisonpage.iblogger.org,DEAD_no_account
kaitlynmyers.wuaze.com,DEAD_no_account
kaitlynpeck.is-best.net,DEAD_no_account
kaitlynwiley.is-best.net,DEAD_no_account
kalanipacheco.is-great.net,DEAD_no_account
kaliecasas.kesug.com,DEAD_no_account
kaliyahterry.lovestoblog.com,DEAD_no_account
kallieballard.wuaze.com,DEAD_no_account
kalvinschweit.is-best.net,DEAD_no_account
kamaritanner.is-best.net,DEAD_no_account
kamilaxiong.kesug.com,DEAD_no_account
kamiyahdean.kesug.com,DEAD_no_account
karaavery.great-site.net,DEAD_no_account
karabarajas.great-site.net,DEAD_no_account
kararose.is-best.net,DEAD_no_account
karawells.is-best.net,DEAD_no_account
karawoodward.kesug.com,DEAD_no_account
kareemshep.lovestoblog.com,DEAD_no_account
kareemwilcox.is-great.net,DEAD_no_account
karenchurchill.iblogger.org,DEAD_no_account
karencoleman.is-best.net,ALIVE
karenhughes.is-best.net,DEAD_no_account
karenswanson.is-best.net,DEAD_no_account
karinasatte.iblogger.org,DEAD_no_account
karinawallis.is-great.org,DEAD_no_account
karinazazueta.is-best.net,ALIVE
karineberhardt.wuaze.com,DEAD_no_account
karinkoehler.great-site.net,DEAD_no_account
karinmckay.is-best.net,DEAD_no_account
karinmuench.wuaze.com,DEAD_no_account
karisulivan.wuaze.com,DEAD_no_account
karlaallaire.wuaze.com,DEAD_no_account
karlabird.is-best.net,DEAD_no_account
karlashley.is-best.net,DEAD_no_account
karlcrawford.kesug.com,DEAD_no_account
karlisaylor.is-best.net,DEAD_no_account
karlishore.kesug.com,DEAD_no_account
karlobiedermann.wuaze.com,DEAD_no_account
karsynkelley.is-great.net,DEAD_no_account
karsynkemp.iblogger.org,DEAD_no_account
karsynlandry.wuaze.com,DEAD_no_account
karterbowman.is-great.org,DEAD_no_account
kartermontgomery.iblogger.org,DEAD_no_account
karterpalmer.is-best.net,DEAD_no_account
kashtonbernard.iblogger.org,DEAD_no_account
kasonbarrett.is-best.net,DEAD_no_account
kasonflynn.is-great.org,DEAD_no_account
kassidywade.kesug.com,DEAD_no_account
katalinacross.kesug.com,DEAD_no_account
katebooth.lovestoblog.com,DEAD_no_account
katehail.kesug.com,DEAD_no_account
katemathis.is-great.net,DEAD_no_account
kateshannon.my-board.org,DEAD_no_account
kathedixon.kesug.com,DEAD_no_account
kathekeller.lovestoblog.com,DEAD_no_account
katherineherman.kesug.com,DEAD_no_account
kathlnutt.infinityfree.me,UNCERTAIN_timeout
kathrinmayer.is-best.net,DEAD_no_account
kathrinwerfel.is-best.net,DEAD_no_account
kathryndennis.wuaze.com,DEAD_no_account
katietegg.is-best.net,DEAD_no_account
katiewilliam.iblogger.org,DEAD_no_account
katjathalberg.is-great.org,DEAD_no_account
katrinakerr.wuaze.com,DEAD_no_account
katrinalacroix.kesug.com,DEAD_no_account
katrinawilson.wuaze.com,DEAD_no_account
kaunafriends.synergize.co,DEAD_no_account
kayceetubbs.nichesite.org,DEAD_no_account
kaylacleburne.wuaze.com,DEAD_no_account
kaylamarin.iblogger.org,DEAD_no_account
kaylanibailey.is-great.net,DEAD_no_account
kaylanihinton.lovestoblog.com,DEAD_no_account
kaylanirollins.wuaze.com,DEAD_no_account
kaymclaughlin.is-best.net,DEAD_no_account
kaymontes.is-best.net,DEAD_no_account
kaysenadams.iblogger.org,DEAD_no_account
kaysenhicks.kesug.com,DEAD_no_account
kaysenschwartz.is-great.org,DEAD_no_account
kaysonknight.wuaze.com,DEAD_no_account
keandrecheek.wuaze.com,DEAD_no_account
keanumorris.is-best.net,DEAD_no_account
kearraschind.iblogger.org,DEAD_no_account
keatonfarley.kesug.com,DEAD_no_account
keenanlandry.kesug.com,DEAD_no_account
kehlaniarroyo.lovestoblog.com,DEAD_no_account
keiragolden.is-great.net,ALIVE
keiranisbet.lovestoblog.com,ALIVE
keiranrhodes.great-site.net,DEAD_no_account
keiraoliver.lovestoblog.com,DEAD_no_account
keirasodeman.wuaze.com,DEAD_no_account
keithconrad.kesug.com,DEAD_no_account
kellantucker.iblogger.org,DEAD_no_account
kellenbranch.is-best.net,DEAD_no_account
kelleywalls.kesug.com,DEAD_no_account
kelligreene.is-great.net,DEAD_no_account
kellinewsome.is-great.net,DEAD_no_account
kellychristian.kesug.com,DEAD_no_account
kellyfernan.is-best.net,DEAD_no_account
kellymann.infinityfreeapp.com,DEAD_no_account
kellymcconn.kesug.com,DEAD_no_account
kellytanner.wuaze.com,DEAD_no_account
kelseacrow.nichesite.org,DEAD_no_account
kelseyboone.is-best.net,DEAD_no_account
kelsieashcraft.great-site.net,DEAD_no_account
kelvincaldwell.is-best.net,DEAD_no_account
kelvinolson.is-best.net,DEAD_no_account
kelvinstafford.is-great.net,DEAD_no_account
kendallpeacock.is-great.org,DEAD_no_account
kendallsmith.lovestoblog.com,DEAD_no_account
kendellnoel.kesug.com,DEAD_no_account
kendragreer.great-site.net,DEAD_no_account
kendrickkramer.great-site.net,DEAD_no_account
kendrikkesler.kesug.com,DEAD_no_account
kendylstclair.is-best.net,DEAD_no_account
kennediguevara.wuaze.com,DEAD_no_account
kenneditrevino.great-site.net,DEAD_no_account
kennyhumph.lovestoblog.com,DEAD_no_account
kentvail.great-site.net,DEAD_no_account
kenyastanley.lovestoblog.com,DEAD_no_account
kenyonkoehler.kesug.com,DEAD_no_account
kenziegordon.is-great.org,DEAD_no_account
kenzorobertson.is-great.org,DEAD_no_account
kenzowalls.iblogger.org,DEAD_no_account
kerrybuxton.iblogger.org,DEAD_no_account
kerrychabot.wuaze.com,DEAD_no_account
kerrymarshall.likesyou.org,DEAD_no_account
kerteszdalma.is-great.org,DEAD_no_account
kevenvargas.lovestoblog.com,DEAD_no_account
kevenvilla.wuaze.com,DEAD_no_account
kevinboyd.wuaze.com,DEAD_no_account
kevinrees.wuaze.com,DEAD_no_account
kevinvickers.iblogger.org,DEAD_no_account
kevinwalls.lovestoblog.com,DEAD_no_account
keylaburgess.kesug.com,DEAD_no_account
keyonsexton.kesug.com,DEAD_no_account
khalanisolis.great-site.net,DEAD_no_account
khalaniwebster.lovestoblog.com,DEAD_no_account
khalidchang.iblogger.org,DEAD_no_account
khalidperson.is-best.net,DEAD_no_account
khalilstrong.wuaze.com,DEAD_no_account
kiaandickson.is-best.net,DEAD_no_account
kiaanwall.is-best.net,DEAD_no_account
kianpoirier.is-best.net,DEAD_no_account
kiarajenyns.great-site.net,DEAD_no_account
kidsmiracle.great-site.net,DEAD_no_account
kieranwilson.is-best.net,DEAD_no_account
kilgoredesiree.iblogger.org,DEAD_no_account
killiptheluismc.loveslife.biz,DEAD_no_account
kimberharding.wuaze.com,DEAD_no_account
kimberleylloyd.iblogger.org,DEAD_no_account
kimberlypellerin.lovestoblog.com,DEAD_no_account
kincadebetty.wuaze.com,DEAD_no_account
kingherring.iblogger.org,DEAD_no_account
kingmcintyre.wuaze.com,DEAD_no_account
kingstonhull.great-site.net,DEAD_no_account
kingvillarreal.is-great.org,DEAD_no_account
kirstenlindsay.likesyou.org,DEAD_no_account
kirstennewman.lovestoblog.com,DEAD_no_account
klaudiawalter.is-great.net,DEAD_no_account
klaudijahrvatin.lovestoblog.com,DEAD_no_account
knformerlnsight.great-site.net,DEAD_no_account
kobepatel.iblogger.org,DEAD_no_account
kobybushby.is-best.net,DEAD_no_account
kobycoperine.my-style.in,DEAD_no_account
kobymagnus.is-great.net,DEAD_no_account
kobystopford.is-great.net,DEAD_no_account
kodyintyre.is-great.org,DEAD_no_account
kohencisneros.kesug.com,DEAD_no_account
kohenwilliam.is-great.net,DEAD_no_account
koltonoliver.is-great.org,DEAD_no_account
koltontruong.is-best.net,DEAD_no_account
kongtsou.is-best.net,DEAD_no_account
konnerparent.is-great.net,DEAD_no_account
korablake.lovestoblog.com,DEAD_no_account
korasolomon.wuaze.com,DEAD_no_account
korbinwoodward.iblogger.org,DEAD_no_account
koreathetimes.kesug.com,DEAD_no_account
kraigoneal.kesug.com,DEAD_no_account
krisstone.iblogger.org,DEAD_no_account
kristaball.great-site.net,DEAD_no_account
kristaviera.kesug.com,DEAD_no_account
kristenbrad.is-great.net,DEAD_no_account
kristenharder.lovestoblog.com,DEAD_no_account
kristenlafrance.great-site.net,DEAD_no_account
kristgorc.is-great.org,DEAD_no_account
kristianbattle.iblogger.org,DEAD_no_account
kristiantraugott.lovestoblog.com,DEAD_no_account
kristiantrommler.is-best.net,DEAD_no_account
kristijankralj.wuaze.com,DEAD_no_account
kristiknox.wuaze.com,DEAD_no_account
kristinaworthin.wuaze.com,DEAD_no_account
kristinwannemaker.lovestoblog.com,DEAD_no_account
kristopherakin.lovestoblog.com,DEAD_no_account
kriszimmer.is-great.org,DEAD_no_account
kurtismaddox.lovestoblog.com,DEAD_no_account
kyeortega.is-great.net,DEAD_no_account
kylabelcher.great-site.net,DEAD_no_account
kylanintosh.iblogger.org,DEAD_no_account
kylaporter.lovestoblog.com,DEAD_no_account
kyledodd.lovestoblog.com,DEAD_no_account
kyngyoung.iblogger.org,DEAD_no_account
kyralawson.kesug.com,DEAD_no_account
kyriechandler.wuaze.com,DEAD_no_account
kyriefowler.is-great.org,DEAD_no_account
kyrieschultz.is-great.org,DEAD_no_account
kyronpatton.is-best.net,DEAD_no_account
kyroportillo.is-best.net,DEAD_no_account
kysonfleming.great-site.net,DEAD_no_account
laceyhowell.great-site.net,DEAD_no_account
lachlancaird.iblogger.org,DEAD_no_account
lachlancasimaty.is-best.net,ALIVE
lachlancollie.is-best.net,DEAD_no_account
lachlansykes.great-site.net,DEAD_no_account
lachlanwrench.is-great.org,DEAD_no_account
lachlanyuranigh.is-best.net,DEAD_no_account
lacygiles.is-great.org,DEAD_no_account
ladelphiainquirerphi.kesug.com,DEAD_no_account
ladonnatanner.kesug.com,DEAD_no_account
laishabain.is-great.net,DEAD_no_account
laishacartwr.is-great.net,DEAD_no_account
lakatosfanni.fast-page.org,DEAD_no_account
lamarrichard.is-great.net,DEAD_no_account
lamarsalas.wuaze.com,DEAD_no_account
lambertfranz.kesug.com,DEAD_no_account
lancebenitez.is-great.net,DEAD_no_account
lancecross.is-best.net,DEAD_no_account
landonlarsen.is-best.net,DEAD_no_account
landrykhan.lovestoblog.com,DEAD_no_account
landynmassey.iblogger.org,DEAD_no_account
laneneill.is-great.org,DEAD_no_account
lanerichard.is-great.net,DEAD_no_account
lanevalentine.iblogger.org,DEAD_no_account
langleycharlie.nichesite.org,DEAD_no_account
laniamedia.is-best.net,DEAD_no_account
lapernewspundit.kesug.com,DEAD_no_account
laracherry.great-site.net,DEAD_no_account
laramathews.great-site.net,DEAD_no_account
laraward.is-great.net,DEAD_no_account
larrycharbo.is-best.net,DEAD_no_account
larryharper.great-site.net,DEAD_no_account
larrywatkins.is-great.net,DEAD_no_account
larssylvester.lovestoblog.com,DEAD_no_account
lashleymargaret.totalh.net,DEAD_no_account
latashamcneil.great-site.net,DEAD_no_account
latashaosborne.kesug.com,DEAD_no_account
latishacastro.lovestoblog.com,DEAD_no_account
laurafoster.kesug.com,DEAD_no_account
laurakumar.wuaze.com,DEAD_no_account
lauranash.wuaze.com,DEAD_no_account
lauraowen.wuaze.com,DEAD_no_account
laurapapst.lovestoblog.com,DEAD_no_account
laurencemills.is-best.net,DEAD_no_account
laurencrabtree.iblogger.org,DEAD_no_account
laurenespinoza.lovestoblog.com,DEAD_no_account
laurenkelly.great-site.net,DEAD_no_account
laurenmetcalfe.wuaze.com,DEAD_no_account
lauriemitchell.great-site.net,DEAD_no_account
laurynwilkins.kesug.com,DEAD_no_account
lavernehudson.iblogger.org,DEAD_no_account
lawsonkim.iblogger.org,DEAD_no_account
laylazhang.kesug.com,DEAD_no_account
laynebernal.kesug.com,DEAD_no_account
laytonkraus.wuaze.com,DEAD_no_account
leabaader.is-great.org,DEAD_no_account
leadernewspolo.kesug.com,DEAD_no_account
leaderthebetter.great-site.net,DEAD_no_account
leadingthetimes.fanclub.rocks,DEAD_no_account
leahgibbs.wuaze.com,DEAD_no_account
leahmanning.is-great.net,DEAD_no_account
leahnewman.wuaze.com,DEAD_no_account
leahwolf.great-site.net,DEAD_no_account
leahziegler.is-best.net,DEAD_no_account
leandroford.wuaze.com,DEAD_no_account
leannefitz.iblogger.org,DEAD_no_account
ledgerhogwarts.fast-page.org,DEAD_no_account
ledgermitchell.is-great.net,DEAD_no_account
legacylevy.wuaze.com,DEAD_no_account
legacytrejo.kesug.com,DEAD_no_account
legendgarner.iblogger.org,DEAD_no_account
legendtravis.lovestoblog.com,DEAD_no_account
leiathomas.likesyou.org,DEAD_no_account
leifenriquez.iblogger.org,DEAD_no_account
leighasomers.lovestoblog.com,DEAD_no_account
leighgagnon.is-best.net,DEAD_no_account
leighhuter.great-site.net,DEAD_no_account
leighjacob.kesug.com,DEAD_no_account
leighkimball.kesug.com,DEAD_no_account
leilamoon.kesug.com,DEAD_no_account
leilanidonald.is-best.net,DEAD_no_account
leilanycastan.is-great.net,DEAD_no_account
leilarios.is-best.net,DEAD_no_account
lelandainsworth.kesug.com,DEAD_no_account
leliafigueroa.wuaze.com,DEAD_no_account
lemondethenews.fanclub.rocks,DEAD_no_account
lenadunn.kesug.com,DEAD_no_account
lenahodge.iblogger.org,DEAD_no_account
lenardford.is-great.org,DEAD_no_account
lenlord.lovestoblog.com,DEAD_no_account
lennonsawyer.kesug.com,DEAD_no_account
lennoxrangel.wuaze.com,DEAD_no_account
lennoxvaughan.wuaze.com,DEAD_no_account
lennyfinley.lovestoblog.com,DEAD_no_account
lennysmall.is-great.org,DEAD_no_account
leodelacruz.is-best.net,DEAD_no_account
leodynon.lovestoblog.com,DEAD_no_account
leoetheridge.is-great.org,DEAD_no_account
leojawinneke.kesug.com,DEAD_no_account
leokaur.is-great.net,DEAD_no_account
leolivingston.iblogger.org,DEAD_no_account
leonardolson.is-great.org,DEAD_no_account
leonardomelton.iblogger.org,DEAD_no_account
leonardparsons.is-great.net,DEAD_no_account
leonardsampson.kesug.com,DEAD_no_account
leonardvargas.lovestoblog.com,DEAD_no_account
leondalton.iblogger.org,DEAD_no_account
leoneldowns.lovestoblog.com,DEAD_no_account
leonelelliott.iblogger.org,DEAD_no_account
leoneltrujillo.iblogger.org,DEAD_no_account
leonglover.kesug.com,DEAD_no_account
leonieogden.is-best.net,DEAD_no_account
leonohickle.iblogger.org,DEAD_no_account
leonross.kesug.com,DEAD_no_account
leontripl.lovestoblog.com,DEAD_no_account
leontucker.is-great.net,DEAD_no_account
leoskene.nichesite.org,DEAD_no_account
leroykern.kesug.com,DEAD_no_account
leroyyoder.wuaze.com,DEAD_no_account
lesfletcher.nichesite.org,DEAD_no_account
leslieatkinson.iblogger.org,DEAD_no_account
lesliefranklin.kesug.com,DEAD_no_account
lesliemckee.iblogger.org,DEAD_no_account
lesoleilthenews.is-best.net,DEAD_no_account
lessiebooker.iblogger.org,DEAD_no_account
leticiahancock.iblogger.org,DEAD_no_account
levibarkly.lovestoblog.com,DEAD_no_account
levibruche.wuaze.com,DEAD_no_account
levinpaget.is-best.net,DEAD_no_account
levioxenham.kesug.com,DEAD_no_account
levirubio.wuaze.com,DEAD_no_account
lewislindsey.is-great.org,DEAD_no_account
lexiknox.kesug.com,DEAD_no_account
leyglendoo.is-best.net,DEAD_no_account
leyladouglas.wuaze.com,DEAD_no_account
lhicdharm.great-site.net,ALIVE
liamdicks.lovestoblog.com,DEAD_no_account
liamguthrie.great-site.net,DEAD_no_account
liamgyesam.kesug.com,DEAD_no_account
liampiper.great-site.net,DEAD_no_account
liamunderwood.is-great.org,DEAD_no_account
liamvarley.kesug.com,DEAD_no_account
lianagarber.wuaze.com,ALIVE
lianamcmahon.kesug.com,DEAD_no_account
liandean.kesug.com,DEAD_no_account
lidocosentino.iblogger.org,DEAD_no_account
lilahdorsey.lovestoblog.com,DEAD_no_account
lilahholt.wuaze.com,DEAD_no_account
lilianmackay.lovestoblog.com,DEAD_no_account
liliannamoss.lovestoblog.com,DEAD_no_account
lilianparker.kesug.com,DEAD_no_account
lilianparra.is-best.net,DEAD_no_account
lilianpena.wuaze.com,DEAD_no_account
lillianabailey.is-great.org,DEAD_no_account
lilliancormick.is-great.org,DEAD_no_account
lillianhudson.wuaze.com,DEAD_no_account
lillianluna.is-great.org,DEAD_no_account
lillianramsay.wuaze.com,DEAD_no_account
lillietrevino.is-great.net,DEAD_no_account
lillybabbage.is-best.net,DEAD_no_account
lillycampos.lovestoblog.com,DEAD_no_account
lillyrose.kesug.com,DEAD_no_account
lillywright.great-site.net,DEAD_no_account
lilyfranklin.lovestoblog.com,DEAD_no_account
linaharper.is-great.net,DEAD_no_account
lincolngarrett.kesug.com,DEAD_no_account
lincolnpeacock.synergize.co,DEAD_no_account
lincolnskirving.is-best.net,DEAD_no_account
lindamathews.kesug.com,DEAD_no_account
lindatessier.fast-page.org,DEAD_no_account
lindejungwirth.iblogger.org,DEAD_no_account
lindsayelliott.is-great.net,DEAD_no_account
lindsaylindsay.is-best.net,DEAD_no_account
lindseycardi.my-style.in,DEAD_no_account
linewieser.is-great.org,DEAD_no_account
lionelnelson.is-best.net,DEAD_no_account
lirrormajestic.kesug.com,DEAD_no_account
lisadonato.kesug.com,DEAD_no_account
lisaleuschke.iblogger.org,DEAD_no_account
liverthepoolecho.my-style.in,DEAD_no_account
livmedina.is-best.net,DEAD_no_account
lizalaug.is-great.org,DEAD_no_account
lizatasfianews.fanclub.rocks,DEAD_no_account
lizbethurban.is-great.org,DEAD_no_account
lizcrane.lovestoblog.com,DEAD_no_account
lmayledanie.lovestoblog.com,DEAD_no_account
lnicholsdonnel.totalh.net,DEAD_no_account
lnsightknformer.is-great.net,DEAD_no_account
lochlansuarez.kesug.com,DEAD_no_account
logancowan.wuaze.com,DEAD_no_account
logandavies.lovestoblog.com,DEAD_no_account
loganespie.lovestoblog.com,DEAD_no_account
loganogilvy.wuaze.com,DEAD_no_account
loganwalkom.lovestoblog.com,DEAD_no_account
loganward.is-best.net,DEAD_no_account
logytravelonews.great-site.net,DEAD_no_account
loisavila.is-best.net,DEAD_no_account
loiserickson.great-site.net,DEAD_no_account
loksenhsieh.kesug.com,DEAD_no_account
lombardiwilliam.lovestoblog.com,DEAD_no_account
londonpherson.is-great.org,DEAD_no_account
londynlugo.lovestoblog.com,DEAD_no_account
longjenkin.iblogger.org,DEAD_no_account
lonitorsarket.wuaze.com,DEAD_no_account
loonmystical.loveslife.biz,DEAD_no_account
loopnewsdata.loveslife.biz,ALIVE
looregionwater.my-board.org,DEAD_no_account
lopestheaaron.wuaze.com,DEAD_no_account
lorabaker.iblogger.org,DEAD_no_account
loragibbs.great-site.net,DEAD_no_account
lorebeer.great-site.net,DEAD_no_account
lorelaiyork.is-best.net,DEAD_no_account
loreleichris.great-site.net,DEAD_no_account
lorenzolunsfo.is-best.net,DEAD_no_account
loretazanotti.is-best.net,DEAD_no_account
loriharrison.iblogger.org,DEAD_no_account
lorisgiorgio.kesug.com,DEAD_no_account
lornamahoney.lovestoblog.com,DEAD_no_account
lornedelorme.kesug.com,DEAD_no_account
losangelesthetimes.my-style.in,DEAD_no_account
losangelestimes.totalh.net,DEAD_no_account
lossantosvelmade.is-great.net,DEAD_no_account
lottebeckel.is-best.net,DEAD_no_account
louefrazier.is-great.org,DEAD_no_account
louellapratt.great-site.net,DEAD_no_account
louellatrevino.is-great.net,DEAD_no_account
louisaduncan.kesug.com,DEAD_no_account
louisawright.kesug.com,DEAD_no_account
louisedwards.is-great.net,DEAD_no_account
louisehall.wuaze.com,DEAD_no_account
louisfawcett.is-great.net,DEAD_no_account
louisfreeman.is-best.net,DEAD_no_account
louisgodfrey.is-great.org,DEAD_no_account
loumckenzie.kesug.com,DEAD_no_account
lourdesbowen.is-best.net,DEAD_no_account
lovrepranjic.wuaze.com,DEAD_no_account
lowrihammond.is-great.net,DEAD_no_account
lreationsdhic.likesyou.org,DEAD_no_account
lsonluisne.great-site.net,DEAD_no_account
luannoneill.kesug.com,DEAD_no_account
lucabrookfield.wuaze.com,DEAD_no_account
lucasbrain.is-great.org,DEAD_no_account
lucascounsel.wuaze.com,DEAD_no_account
lucashaynes.lovestoblog.com,DEAD_no_account
lucaspizzey.my-board.org,DEAD_no_account
lucaspriore.is-great.net,DEAD_no_account
lucastrickland.iblogger.org,DEAD_no_account
luccamendez.is-great.org,DEAD_no_account
lucianalfaro.kesug.com,DEAD_no_account
lucianocaval.kesug.com,DEAD_no_account
lucianoschmitt.is-great.net,DEAD_no_account
lucienvilla.is-best.net,DEAD_no_account
luciomercer.kesug.com,DEAD_no_account
luciusmartin.is-best.net,DEAD_no_account
luciusochoa.is-best.net,DEAD_no_account
lucydawson.wuaze.com,DEAD_no_account
lucyfisher.wuaze.com,DEAD_no_account
lucygillespie.lovestoblog.com,DEAD_no_account
lucyhammond.lovestoblog.com,DEAD_no_account
lucyrodgers.wuaze.com,DEAD_no_account
luellaherna.is-great.org,DEAD_no_account
luijkarina.lovestoblog.com,DEAD_no_account
luisaevans.kesug.com,DEAD_no_account
luisaheath.lovestoblog.com,DEAD_no_account
luisahuber.is-best.net,DEAD_no_account
luisahutson.kesug.com,DEAD_no_account
luisakhan.is-great.net,DEAD_no_account
luisbalderrama.is-best.net,DEAD_no_account
luisdowd.wuaze.com,DEAD_no_account
luisdumas.lovestoblog.com,DEAD_no_account
luisellacostantino.is-best.net,DEAD_no_account
luisrichardson.is-best.net,DEAD_no_account
lukadiaz.iblogger.org,DEAD_no_account
lukarose.is-best.net,DEAD_no_account
lukasduran.is-great.org,DEAD_no_account
lukaswiesner.is-best.net,DEAD_no_account
lukaszatkins.iblogger.org,DEAD_no_account
lukeainsworth.is-great.net,DEAD_no_account
lukedaplyn.wuaze.com,DEAD_no_account
lukedehamel.great-site.net,DEAD_no_account
lukeedwin.is-best.net,DEAD_no_account
lukefloyd.is-great.net,DEAD_no_account
lukeireland.great-site.net,DEAD_no_account
lukelangslow.is-great.net,DEAD_no_account
lukemoseley.great-site.net,DEAD_no_account
lukemulvany.great-site.net,DEAD_no_account
lukesawyer.is-great.org,ALIVE
lukethornton.is-great.org,DEAD_no_account
lulasmith.iblogger.org,DEAD_no_account
lulathompson.kesug.com,DEAD_no_account
lullabyluna.kesug.com,DEAD_no_account
luminaryluna.great-site.net,DEAD_no_account
luminescenceluna.kesug.com,DEAD_no_account
luminescenceluna.lovestoblog.com,DEAD_no_account
luminlun.wuaze.com,DEAD_no_account
luminouslagoon.iblogger.org,DEAD_no_account
luminousledger.wuaze.com,DEAD_no_account
luminouslegacy.wuaze.com,DEAD_no_account
luminouslynx.wuaze.com,DEAD_no_account
lunadaythedavid.synergize.co,DEAD_no_account
lunaloomer.kesug.com,DEAD_no_account
lunalotus.lovestoblog.com,DEAD_no_account
lunalullab.lovestoblog.com,DEAD_no_account
lunalullab.wuaze.com,DEAD_no_account
lunalullaby.iblogger.org,DEAD_no_account
lunalullaby.lovestoblog.com,DEAD_no_account
lunalullaby.wuaze.com,DEAD_no_account
lunalumina.great-site.net,DEAD_no_account
lunalumina.wuaze.com,DEAD_no_account
lunaluminance.wuaze.com,DEAD_no_account
lunaluminary.great-site.net,ALIVE
lunaluminary.is-great.net,DEAD_no_account
lunaluminescenc.great-site.net,DEAD_no_account
lunaluminescence.great-site.net,DEAD_no_account
lunaluminescence.nichesite.org,DEAD_no_account
lunaluminescence.wuaze.com,DEAD_no_account
lunaperkins.lovestoblog.com,DEAD_no_account
lurdewilms.lovestoblog.com,DEAD_no_account
luthergovern.my-style.in,DEAD_no_account
luzwilson.lovestoblog.com,DEAD_no_account
lydiaday.lovestoblog.com,DEAD_no_account
lydiamorrison.iblogger.org,DEAD_no_account
lydiashah.is-great.net,DEAD_no_account
lylapotter.is-great.org,DEAD_no_account
lylepenner.is-great.net,DEAD_no_account
lyletony.wuaze.com,DEAD_no_account
lylevargas.kesug.com,DEAD_no_account
lyncharbonneau.is-best.net,DEAD_no_account
lyndatapia.kesug.com,DEAD_no_account
lyndonlopez.great-site.net,DEAD_no_account
lynecoulombe.kesug.com,DEAD_no_account
lynneatwood.wuaze.com,DEAD_no_account
lynnetatkins.is-great.org,DEAD_no_account
lynngervais.great-site.net,DEAD_no_account
lynnnguyen.great-site.net,DEAD_no_account
lynnschmitt.lovestoblog.com,DEAD_no_account
lynwoodkirby.is-best.net,DEAD_no_account
lyricbau.is-great.org,DEAD_no_account
lyricdawson.is-best.net,DEAD_no_account
mabelmahon.wuaze.com,DEAD_no_account
mabelrojas.is-best.net,DEAD_no_account
maciquintana.lovestoblog.com,DEAD_no_account
mackenziepurdy.wuaze.com,DEAD_no_account
mackeulrich.great-site.net,DEAD_no_account
mackhammond.is-great.net,DEAD_no_account
macksandoval.is-great.net,DEAD_no_account
macksmith.is-best.net,DEAD_no_account
macyintyre.kesug.com,DEAD_no_account
madateretribune.is-great.org,DEAD_no_account
maddisonpatter.wuaze.com,DEAD_no_account
maddisonrimmer.lovestoblog.com,DEAD_no_account
maddisonwrendsley.is-great.org,DEAD_no_account
madelebegay.loveslife.biz,DEAD_no_account
madeleinecremor.lovestoblog.com,DEAD_no_account
madeleinepotter.great-site.net,DEAD_no_account
madeleinerose.iblogger.org,DEAD_no_account
madeleinewalker.lovestoblog.com,DEAD_no_account
madelejacob.is-great.net,DEAD_no_account
madelenbeatie.iblogger.org,DEAD_no_account
madelineowen.wuaze.com,DEAD_no_account
madelinkramer.kesug.com,DEAD_no_account
madelphil.lovestoblog.com,DEAD_no_account
madelwaller.fast-page.org,DEAD_no_account
madelynshelton.kesug.com,DEAD_no_account
madilynnwhitten.is-best.net,DEAD_no_account
madilynpeterson.great-site.net,DEAD_no_account
madisondownes.wuaze.com,DEAD_no_account
madisonschofield.is-best.net,DEAD_no_account
madisynhouston.lovestoblog.com,DEAD_no_account
madisynstrong.lovestoblog.com,DEAD_no_account
maebarr.wuaze.com,DEAD_no_account
magdalenadunlap.kesug.com,DEAD_no_account
magdalenavaladez.is-great.net,DEAD_no_account
maggiebeasley.wuaze.com,DEAD_no_account
maggiebell.iblogger.org,DEAD_no_account
maggiedussault.lovestoblog.com,DEAD_no_account
maggieward.is-best.net,DEAD_no_account
magjovanovic.is-great.net,DEAD_no_account
magnoliawall.wuaze.com,DEAD_no_account
maiamcallister.fast-page.org,DEAD_no_account
maisieherrera.lovestoblog.com,DEAD_no_account
maisiewong.lovestoblog.com,DEAD_no_account
majesticmirror.kesug.com,DEAD_no_account
makaylafarber.loveslife.biz,DEAD_no_account
makaylamoses.wuaze.com,DEAD_no_account
makaylarosario.iblogger.org,DEAD_no_account
makaylascott.wuaze.com,DEAD_no_account
malachimosley.iblogger.org,DEAD_no_account
malayaclay.lovestoblog.com,DEAD_no_account
malcolmmarsden.iblogger.org,DEAD_no_account
malikhunt.wuaze.com,DEAD_no_account
malindachapma.iblogger.org,DEAD_no_account
maliyabeau.kesug.com,DEAD_no_account
maliyahespino.wuaze.com,DEAD_no_account
maliyahwolfe.wuaze.com,DEAD_no_account
malloryyoung.kesug.com,DEAD_no_account
manamericanstates.my-board.org,DEAD_no_account
mandailyoklaho.my-board.org,DEAD_no_account
mandyaachen.wuaze.com,DEAD_no_account
mandydelorme.wuaze.com,DEAD_no_account
mandymayer.great-site.net,DEAD_no_account
maniamedia.great-site.net,DEAD_no_account
manilathetimes.kesug.com,DEAD_no_account
mannathanhuff.is-best.net,DEAD_no_account
manuelkunde.lovestoblog.com,DEAD_no_account
manuelstafford.iblogger.org,DEAD_no_account
maracobb.is-great.org,DEAD_no_account
maraudemystic.iblogger.org,DEAD_no_account
marbellanevarez.lovestoblog.com,DEAD_no_account
marcbuchanan.iblogger.org,DEAD_no_account
marcelinebeil.lovestoblog.com,DEAD_no_account
marcelinobryant.great-site.net,DEAD_no_account
marcelkerr.kesug.com,DEAD_no_account
marcellajaslen.kesug.com,DEAD_no_account
marcellamoreau.is-best.net,DEAD_no_account
marcelschwab.loveslife.biz,DEAD_no_account
marcelsteele.is-great.net,DEAD_no_account
marciabanks.great-site.net,DEAD_no_account
marcianoarteaga.kesug.com,DEAD_no_account
marcinwalder.is-great.net,DEAD_no_account
marcobarlow.kesug.com,DEAD_no_account
marconaumann.is-best.net,DEAD_no_account
marconavarrete.iblogger.org,DEAD_no_account
marcuslogan.is-best.net,DEAD_no_account
marencaldwell.kesug.com,DEAD_no_account
margadean.iblogger.org,DEAD_no_account
margarcormie.iblogger.org,DEAD_no_account
margaretblan.wuaze.com,DEAD_no_account
margaretestes.great-site.net,DEAD_no_account
margarethawiener.lovestoblog.com,DEAD_no_account
margaretmosley.is-best.net,DEAD_no_account
margaretthiessen.wuaze.com,DEAD_no_account
margarwade.iblogger.org,DEAD_no_account
margashehu.great-site.net,DEAD_no_account
margerymcgrath.is-best.net,DEAD_no_account
margocook.wuaze.com,DEAD_no_account
marguerlellan.is-great.net,DEAD_no_account
margueroberge.iblogger.org,DEAD_no_account
mariaanna.is-best.net,DEAD_no_account
mariaanna.wuaze.com,DEAD_no_account
mariacurrie.is-best.net,DEAD_no_account
mariafaulkner.infinityfreeapp.com,DEAD_no_account
mariafragoso.lovestoblog.com,DEAD_no_account
mariahfelix.great-site.net,DEAD_no_account
mariahrobbin.my-board.org,DEAD_no_account
mariahshowalter.kesug.com,DEAD_no_account
marialambert.is-great.net,DEAD_no_account
mariamessier.is-great.net,DEAD_no_account
mariamfewings.fanclub.rocks,DEAD_no_account
mariannatyson.iblogger.org,DEAD_no_account
mariannecampbell.kesug.com,DEAD_no_account
marianomonaco.wuaze.com,DEAD_no_account
mariapinna.is-best.net,DEAD_no_account
mariarosaria.is-great.net,DEAD_no_account
maribelmyers.is-great.net,DEAD_no_account
maribelparso.lovestoblog.com,DEAD_no_account
maribelwallace.is-best.net,DEAD_no_account
maricelamalley.likesyou.org,DEAD_no_account
mariebonnie.lovestoblog.com,DEAD_no_account
mariesauve.is-best.net,DEAD_no_account
mariholder.kesug.com,DEAD_no_account
marilenagirardi.iblogger.org,DEAD_no_account
marinakemp.great-site.net,DEAD_no_account
marinamays.great-site.net,DEAD_no_account
marinaprice.lovestoblog.com,DEAD_no_account
marioabt.is-great.net,DEAD_no_account
marioberger.kesug.com,DEAD_no_account
marionachleitner.is-best.net,DEAD_no_account
marioncaswell.iblogger.org,DEAD_no_account
marionmack.is-great.net,DEAD_no_account
marionussbaum.lovestoblog.com,DEAD_no_account
mariopage.is-great.net,DEAD_no_account
mariosanger.is-great.net,DEAD_no_account
marisjayaman.great-site.net,DEAD_no_account
marissamendoza.is-great.net,DEAD_no_account
marissarobert.great-site.net,DEAD_no_account
mariucciabarbato.kesug.com,DEAD_no_account
mariusthorsen.kesug.com,DEAD_no_account
marketnewsmaster.my-style.in,DEAD_no_account
markobeckenbauer.is-best.net,DEAD_no_account
markroach.wuaze.com,DEAD_no_account
markusabend.is-great.org,DEAD_no_account
markusjaeger.wuaze.com,DEAD_no_account
markusmerrit.kesug.com,DEAD_no_account
markusmoench.wuaze.com,DEAD_no_account
marlacosta.wuaze.com,DEAD_no_account
marleecoffey.wuaze.com,DEAD_no_account
marleeconrad.wuaze.com,DEAD_no_account
marleigharms.kesug.com,DEAD_no_account
marleylawson.is-great.net,DEAD_no_account
marleywright.kesug.com,DEAD_no_account
marquescary.lovestoblog.com,DEAD_no_account
marquezanna.kesug.com,DEAD_no_account
marquisbaltaz.wuaze.com,DEAD_no_account
marretsanago.nichesite.org,DEAD_no_account
marshahopkins.is-best.net,DEAD_no_account
marshalcarver.is-great.net,DEAD_no_account
marshallcase.lovestoblog.com,DEAD_no_account
marshallcobb.is-great.org,DEAD_no_account
marshariggs.is-great.org,DEAD_no_account
marsmarshall.is-best.net,DEAD_no_account
martabenton.great-site.net,DEAD_no_account
marthajonsson.is-best.net,DEAD_no_account
martinabiermann.lovestoblog.com,DEAD_no_account
martinametzler.great-site.net,DEAD_no_account
martinezphilip.wuaze.com,DEAD_no_account
martinmyers.great-site.net,DEAD_no_account
martinnadel.my-board.org,DEAD_no_account
martinosansone.great-site.net,DEAD_no_account
martinpaulsen.is-great.net,DEAD_no_account
martishaf.wuaze.com,DEAD_no_account
marvelmoonlit.my-board.org,DEAD_no_account
marvinkane.iblogger.org,DEAD_no_account
maryamsquires.lovestoblog.com,DEAD_no_account
marybarker.kesug.com,DEAD_no_account
marycallinan.lovestoblog.com,DEAD_no_account
marycambridge.kesug.com,DEAD_no_account
marycarr.iblogger.org,DEAD_no_account
maryharry.is-best.net,ALIVE
marystrong.is-great.net,DEAD_no_account
masonchur.lovestoblog.com,DEAD_no_account
masongledson.kesug.com,DEAD_no_account
masonmcleod.is-great.net,DEAD_no_account
masonrolph.is-best.net,DEAD_no_account
massygreene.lovestoblog.com,DEAD_no_account
mastermarketnews.wuaze.com,DEAD_no_account
matemercedesz.loveslife.biz,DEAD_no_account
mateowilli.kesug.com,DEAD_no_account
mathewderrick.lovestoblog.com,ALIVE
mathewmacmillan.lovestoblog.com,DEAD_no_account
mathieunoel.is-great.org,DEAD_no_account
mathildalarsen.great-site.net,DEAD_no_account
matildaakhtar.iblogger.org,DEAD_no_account
matildabolton.is-best.net,DEAD_no_account
matildamoran.great-site.net,DEAD_no_account
matildasaunders.lovestoblog.com,DEAD_no_account
matildastuart.kesug.com,DEAD_no_account
matteagargi.is-best.net,DEAD_no_account
matthewashin.kesug.com,DEAD_no_account
matthewlombard.kesug.com,DEAD_no_account
matthewschonel.is-best.net,DEAD_no_account
matthewsmith.is-best.net,DEAD_no_account
matthewwarren.is-great.net,DEAD_no_account
mauermargo.great-site.net,DEAD_no_account
mauriceelkins.is-great.net,DEAD_no_account
mauricemolina.is-great.net,DEAD_no_account
mauricesanchez.iblogger.org,DEAD_no_account
maurospencer.is-great.net,DEAD_no_account
mavisespinosa.lovestoblog.com,DEAD_no_account
mavisfarrell.is-great.net,DEAD_no_account
maxculpepper.is-great.net,DEAD_no_account
maxengrover.lovestoblog.com,DEAD_no_account
maxhotham.is-great.net,DEAD_no_account
maximdavies.wuaze.com,DEAD_no_account
maximilhinton.wuaze.com,DEAD_no_account
maximilianfink.lovestoblog.com,DEAD_no_account
maximiliankortig.is-great.org,DEAD_no_account
maximiliano.kesug.com,DEAD_no_account
maximilianoliu.is-best.net,DEAD_no_account
maximilianzimmer.is-great.org,DEAD_no_account
maximinovalles.great-site.net,DEAD_no_account
maximobriggs.great-site.net,DEAD_no_account
maximokemp.wuaze.com,DEAD_no_account
maximusortega.is-great.org,DEAD_no_account
maximusstrick.is-great.org,DEAD_no_account
maxjacobs.is-great.net,DEAD_no_account
maxlester.iblogger.org,DEAD_no_account
maxsilver.my-board.org,DEAD_no_account
maxtonlozano.iblogger.org,DEAD_no_account
maxwellhuber.iblogger.org,DEAD_no_account
mayageorge.is-great.org,DEAD_no_account
mayagiron.lovestoblog.com,DEAD_no_account
mayalaroquin.my-board.org,DEAD_no_account
maynardjarvis.kesug.com,DEAD_no_account
mazikeeraymond.is-best.net,DEAD_no_account
mbeltranwillia.wuaze.com,DEAD_no_account
mccordrichard.totalh.net,DEAD_no_account
mccoywalters.is-great.org,DEAD_no_account
mcdanieljeanete.kesug.com,DEAD_no_account
mckingalle.lovestoblog.com,DEAD_no_account
mclellan.great-site.net,DEAD_no_account
meaganbuck.is-best.net,DEAD_no_account
meaganryan.lovestoblog.com,DEAD_no_account
meecenewsdavid.wuaze.com,DEAD_no_account
meganmorrison.kesug.com,DEAD_no_account
meganmorrison.lovestoblog.com,DEAD_no_account
meghanhorne.lovestoblog.com,DEAD_no_account
meghastanton.kesug.com,DEAD_no_account
megkasper.kesug.com,DEAD_no_account
meinradstoger.is-best.net,DEAD_no_account
mekhivaughn.is-great.net,DEAD_no_account
melaniedelorme.is-great.net,DEAD_no_account
melaniestout.is-best.net,DEAD_no_account
melbapham.kesug.com,DEAD_no_account
melcowley.great-site.net,DEAD_no_account
meliaerickson.great-site.net,DEAD_no_account
melisaandersen.lovestoblog.com,DEAD_no_account
melisahasin.lovestoblog.com,DEAD_no_account
melknapp.wuaze.com,DEAD_no_account
melodicmoon.lovestoblog.com,DEAD_no_account
melodyfarrell.kesug.com,DEAD_no_account
melodymoonlit.iblogger.org,DEAD_no_account
melodymoonlit.kesug.com,DEAD_no_account
melvahess.lovestoblog.com,DEAD_no_account
melvinacosta.iblogger.org,DEAD_no_account
melvinmayo.iblogger.org,DEAD_no_account
melvinroberts.my-board.org,DEAD_no_account
melvinwilson.is-great.net,DEAD_no_account
memphissherman.iblogger.org,DEAD_no_account
mentlear.my-board.org,DEAD_no_account
mercedscott.is-great.net,DEAD_no_account
mercuryhogwarts.likesyou.org,DEAD_no_account
mercyknight.likesyou.org,DEAD_no_account
merlealexander.iblogger.org,DEAD_no_account
mervindalton.wuaze.com,DEAD_no_account
mervyngrainger.wuaze.com,DEAD_no_account
mesteralexandra.lovestoblog.com,DEAD_no_account
metroherald.great-site.net,DEAD_no_account
miaforlong.iblogger.org,DEAD_no_account
miamiherald.great-site.net,DEAD_no_account
micahbeverly.my-board.org,DEAD_no_account
micahcooper.is-great.org,DEAD_no_account
micahmurphy.iblogger.org,DEAD_no_account
micahornelas.is-great.org,DEAD_no_account
michaelanava.lovestoblog.com,DEAD_no_account
michaelaorozco.lovestoblog.com,DEAD_no_account
michaelaoswald.is-great.net,DEAD_no_account
michaelbrowning.wuaze.com,DEAD_no_account
michaelcox.kesug.com,DEAD_no_account
michaelgilman.is-best.net,DEAD_no_account
michaelhalliga.iblogger.org,ALIVE
michaelhook.great-site.net,DEAD_no_account
michaelhuynh.is-best.net,DEAD_no_account
michaeljepsen.is-great.org,DEAD_no_account
michaelkalb.wuaze.com,DEAD_no_account
michaelmagarey.wuaze.com,DEAD_no_account
michaelmichel.great-site.net,DEAD_no_account
michaelmoench.is-great.org,DEAD_no_account
michaelrussell.great-site.net,DEAD_no_account
michaelulrich.kesug.com,DEAD_no_account
michaelyagan.iblogger.org,ALIVE
michealvaldez.kesug.com,DEAD_no_account
michealwatts.great-site.net,DEAD_no_account
michelebaum.kesug.com,DEAD_no_account
michelkilba.is-best.net,DEAD_no_account
michellebrett.great-site.net,DEAD_no_account
michellehughes.kesug.com,DEAD_no_account
michellemccarthy.is-best.net,DEAD_no_account
midnighthowl.totalh.net,DEAD_no_account
midnightwanderer.lovestoblog.com,DEAD_no_account
miguelinacabello.kesug.com,DEAD_no_account
mihealsaldivar.is-best.net,DEAD_no_account
miiaranta.wuaze.com,DEAD_no_account
mikaelahughes.wuaze.com,DEAD_no_account
mikaelasellers.wuaze.com,DEAD_no_account
mikaylapatel.is-great.org,DEAD_no_account
mikelcameron.wuaze.com,DEAD_no_account
mikele.lovestoblog.com,DEAD_no_account
mikemenard.iblogger.org,DEAD_no_account
milahickman.kesug.com,DEAD_no_account
milanacardenas.great-site.net,DEAD_no_account
milanaknox.kesug.com,DEAD_no_account
milangarcia.kesug.com,DEAD_no_account
milansantana.kesug.com,DEAD_no_account
mildredbarret.wuaze.com,DEAD_no_account
mildredwalsh.is-best.net,DEAD_no_account
mildredwilson.lovestoblog.com,DEAD_no_account
milenaandrade.great-site.net,DEAD_no_account
milenanorth.kesug.com,DEAD_no_account
milesfair.free.nf,DEAD_no_account
milesibarra.is-best.net,DEAD_no_account
milfordavery.kesug.com,DEAD_no_account
millabrownlee.is-great.org,DEAD_no_account
millarddowns.wuaze.com,DEAD_no_account
millardhogan.great-site.net,DEAD_no_account
millennsource.wuaze.com,DEAD_no_account
millerherbert.nichesite.org,DEAD_no_account
milodowns.iblogger.org,DEAD_no_account
milokoch.is-best.net,DEAD_no_account
milossinger.is-great.net,DEAD_no_account
milowilliam.kesug.com,DEAD_no_account
miltonbenitez.is-best.net,DEAD_no_account
miltonhebert.is-best.net,DEAD_no_account
mimirsvendsen.totalh.net,DEAD_no_account
minaglover.lovestoblog.com,DEAD_no_account
minchoi.great-site.net,DEAD_no_account
mineablom.is-great.net,DEAD_no_account
minglemystic.is-best.net,DEAD_no_account
minglemystic.loveslife.biz,DEAD_no_account
minglemystic.my-style.in,DEAD_no_account
miodragschmied.wuaze.com,DEAD_no_account
miragarcia.iblogger.org,DEAD_no_account
mirandarichmond.is-great.net,DEAD_no_account
mireyamayer.lovestoblog.com,DEAD_no_account
mireyawalsh.lovestoblog.com,DEAD_no_account
miriamfavela.is-great.net,DEAD_no_account
miriamlind.wuaze.com,DEAD_no_account
mirrorminute.iblogger.org,DEAD_no_account
mirroruogwarts.great-site.net,DEAD_no_account
misaelenriq.is-best.net,DEAD_no_account
mishazuidweg.is-great.net,DEAD_no_account
mistmystic.iblogger.org,DEAD_no_account
mistmystic.nichesite.org,DEAD_no_account
mistymystique.wuaze.com,DEAD_no_account
mitchelbarnes.iblogger.org,DEAD_no_account
mitchelcune.wuaze.com,DEAD_no_account
mitchelhenty.lovestoblog.com,DEAD_no_account
mitcheljefries.great-site.net,DEAD_no_account
mitchellhorn.iblogger.org,DEAD_no_account
mitchellwadham.wuaze.com,DEAD_no_account
mitchelpope.lovestoblog.com,DEAD_no_account
mithilanews.fast-page.org,DEAD_no_account
mitziwatkins.is-best.net,DEAD_no_account
mlaicianfarper.is-great.net,DEAD_no_account
modernfount.42web.io,DEAD_no_account
modernfount.synergize.co,DEAD_no_account
modernthefount.lovestoblog.com,DEAD_no_account
modestoweiss.lovestoblog.com,DEAD_no_account
mohamedbailey.is-great.net,DEAD_no_account
mohamedcerny.is-great.net,DEAD_no_account
mohamedharrell.iblogger.org,DEAD_no_account
mohamedknox.is-great.org,DEAD_no_account
mohamedmiranda.iblogger.org,DEAD_no_account
mohammadcollier.iblogger.org,DEAD_no_account
mohammadgunn.wuaze.com,DEAD_no_account
molinfederico.great-site.net,DEAD_no_account
mollybraun.is-great.org,DEAD_no_account
monabarrett.kesug.com,DEAD_no_account
moneypip.iblogger.org,DEAD_no_account
monicabeard.kesug.com,DEAD_no_account
monicadavid.is-best.net,DEAD_no_account
monicadietrich.iblogger.org,DEAD_no_account
monicaheredia.great-site.net,DEAD_no_account
monicaspears.great-site.net,DEAD_no_account
monikabelt.is-great.org,DEAD_no_account
monikalove.lovestoblog.com,DEAD_no_account
monitorinstant.totalh.net,DEAD_no_account
monitormarket.kesug.com,DEAD_no_account
montgomeryhenry.nichesite.org,DEAD_no_account
montjuarez.iblogger.org,DEAD_no_account
montybreit.is-best.net,DEAD_no_account
montyhull.kesug.com,DEAD_no_account
moonbeammystic.kesug.com,DEAD_no_account
moonlitmarvel.great-site.net,DEAD_no_account
moonlitmarvel.is-best.net,DEAD_no_account
moonlitmarvel.is-great.net,ALIVE
moonlitmarvel.mydiscussion.net,DEAD_no_account
moonlitmelody.iblogger.org,DEAD_no_account
moonlitmelody.my-board.org,DEAD_no_account
moonlitmelody.my-style.in,DEAD_no_account
moonlitmelody.totalh.net,DEAD_no_account
moonlitmystery.great-site.net,DEAD_no_account
moonlitmystery.my-board.org,DEAD_no_account
moonlitmystery.nichesite.org,DEAD_no_account
moonlitmystery.totalh.net,DEAD_no_account
moonlitoracle.great-site.net,DEAD_no_account
moonmysti.nichesite.org,DEAD_no_account
morgangonz.is-best.net,DEAD_no_account
morganlove.lovestoblog.com,DEAD_no_account
morganperry.is-great.net,DEAD_no_account
morgansutton.lovestoblog.com,DEAD_no_account
morgantripp.lovestoblog.com,DEAD_no_account
moritzstockl.iblogger.org,DEAD_no_account
morningbeacon.lovestoblog.com,DEAD_no_account
morningbriefmiss.totalh.net,DEAD_no_account
morningtheherald.kesug.com,DEAD_no_account
morningthetider.great-site.net,DEAD_no_account
morninthegepoch.fast-page.org,DEAD_no_account
morrisbartlett.is-best.net,DEAD_no_account
mosaicmessenger.wuaze.com,DEAD_no_account
moscowthetimes.is-great.org,DEAD_no_account
mosescollins.great-site.net,DEAD_no_account
mosheatkins.is-best.net,DEAD_no_account
moshejoyce.iblogger.org,DEAD_no_account
mountainledgerwide.iblogger.org,DEAD_no_account
moushiminews.iblogger.org,ALIVE
muhammadcadieux.kesug.com,DEAD_no_account
muhammadkay.is-best.net,DEAD_no_account
muhammadprince.iblogger.org,DEAD_no_account
muratschlogl.iblogger.org,DEAD_no_account
murielbaxter.wuaze.com,DEAD_no_account
murielrichard.is-great.net,DEAD_no_account
murphywilkerson.is-best.net,DEAD_no_account
murraypan.kesug.com,DEAD_no_account
musascherzer.kesug.com,DEAD_no_account
musastevens.iblogger.org,DEAD_no_account
mylahvargas.great-site.net,DEAD_no_account
myleshills.iblogger.org,DEAD_no_account
mylesorozco.is-best.net,DEAD_no_account
myraayers.iblogger.org,DEAD_no_account
myrablanton.kesug.com,DEAD_no_account
myradelgado.iblogger.org,DEAD_no_account
myrahadley.wuaze.com,DEAD_no_account
myranixon.great-site.net,DEAD_no_account
myrnajanzen.is-best.net,DEAD_no_account
myrnaknight.iblogger.org,DEAD_no_account
mysterymoonlit.iblogger.org,DEAD_no_account
mysterymoonlit.is-great.net,DEAD_no_account
mysticmarauder.my-style.in,DEAD_no_account
mysticmarauder.mydiscussion.net,DEAD_no_account
mysticmarauder.nichesite.org,DEAD_no_account
mysticmariner.kesug.com,DEAD_no_account
mysticmingle.great-site.net,DEAD_no_account
mysticmingle.nichesite.org,DEAD_no_account
mysticmingle.talk4fun.net,ALIVE
mysticmingle.totalh.net,DEAD_no_account
mysticmirror.iblogger.org,DEAD_no_account
mysticmist.nichesite.org,DEAD_no_account
mysticmist.talk4fun.net,DEAD_no_account
mysticmist.wuaze.com,DEAD_no_account
mysticmoon.is-best.net,DEAD_no_account
mysticmoon.kesug.com,DEAD_no_account
mysticmoon.my-board.org,ALIVE
mysticmoon.my-style.in,DEAD_no_account
mysticmosaic.wuaze.com,DEAD_no_account
mysticmystique.iblogger.org,DEAD_no_account
mysticmystique.wuaze.com,DEAD_no_account
mysticsoul.nichesite.org,DEAD_no_account
mysticsphinx.lovestoblog.com,DEAD_no_account
nadiabates.gamer.gd,UNCERTAIN_timeout
nadinejuarez.great-site.net,DEAD_no_account
nadinemiles.is-great.net,DEAD_no_account
nadjabittner.is-great.org,DEAD_no_account
nancymeza.iblogger.org,DEAD_no_account
nansenpoulsen.wuaze.com,DEAD_no_account
napolisstarindia.is-best.net,DEAD_no_account
nasreeneaton.lovestoblog.com,DEAD_no_account
nasreenheath.lovestoblog.com,DEAD_no_account
nataleeduffie.wuaze.com,DEAD_no_account
nataliepoynton.great-site.net,DEAD_no_account
nataschawurzinger.great-site.net,DEAD_no_account
natashabraim.lovestoblog.com,ALIVE
natashacarlson.lovestoblog.com,DEAD_no_account
natashajoseph.iblogger.org,DEAD_no_account
natashamairinger.lovestoblog.com,DEAD_no_account
natashamarsh.is-great.org,DEAD_no_account
nateaarons.is-great.net,DEAD_no_account
natedease.wuaze.com,DEAD_no_account
natewills.is-best.net,DEAD_no_account
nathaliacombs.wuaze.com,DEAD_no_account
nathaliepittman.kesug.com,DEAD_no_account
nathanatapia.iblogger.org,DEAD_no_account
nathanbowen.great-site.net,DEAD_no_account
nathancampbell.great-site.net,DEAD_no_account
nathanedgley.is-great.net,DEAD_no_account
nathanfulton.great-site.net,DEAD_no_account
nathanheadley.lovestoblog.com,DEAD_no_account
nathanialmcclure.is-great.net,DEAD_no_account
nathanielpatter.lovestoblog.com,DEAD_no_account
nathanlevesque.iblogger.org,DEAD_no_account
nathanmarch.is-great.net,DEAD_no_account
nathanmolineux.lovestoblog.com,DEAD_no_account
nathansidins.wuaze.com,DEAD_no_account
nathansimpson.wuaze.com,DEAD_no_account
nathasampson.lovestoblog.com,DEAD_no_account
nationalthenewsen.kesug.com,DEAD_no_account
nationthedaily.mydiscussion.net,DEAD_no_account
nationthenews.wuaze.com,DEAD_no_account
navigatornova.lovestoblog.com,DEAD_no_account
nayeliellison.wuaze.com,DEAD_no_account
nazariozamrano.loveslife.biz,DEAD_no_account
naziaparkin.is-great.net,DEAD_no_account
nealjenkinson.is-great.net,DEAD_no_account
nebulanomad.is-great.net,DEAD_no_account
nedramsey.is-best.net,DEAD_no_account
neilglover.iblogger.org,DEAD_no_account
neilmarks.great-site.net,DEAD_no_account
nellhaynes.kesug.com,DEAD_no_account
nellieglover.lovestoblog.com,DEAD_no_account
nelliehudson.lovestoblog.com,DEAD_no_account
nellielee.is-best.net,DEAD_no_account
nelsoncardenas.is-great.net,DEAD_no_account
nertilasharm.is-best.net,DEAD_no_account
nertilasharma.is-best.net,DEAD_no_account
nertilasharma.wuaze.com,DEAD_no_account
nevillehensley.lovestoblog.com,DEAD_no_account
nevioamato.lovestoblog.com,DEAD_no_account
newarcurrents.wuaze.com,DEAD_no_account
newsaljazeera.kesug.com,DEAD_no_account
newsamyhurst.iblogger.org,DEAD_no_account
newsaugmentday.totalh.net,DEAD_no_account
newscitizen.nichesite.org,DEAD_no_account
newsculturopedia.lovestoblog.com,DEAD_no_account
newsdayaogwarts.wuaze.com,DEAD_no_account
newsdaymirror.lovestoblog.com,DEAD_no_account
newseveryday.rf.gd,DEAD_no_account
newsexpress.lovestoblog.com,DEAD_no_account
newsfiledbooks.kesug.com,DEAD_no_account
newsfirstable.nichesite.org,DEAD_no_account
newsflasher.wuaze.com,DEAD_no_account
newsgaylewashing.is-best.net,DEAD_no_account
newsgeraldkey.totalh.net,DEAD_no_account
newsheidirichson.great-site.net,DEAD_no_account
newsinprin.iblogger.org,DEAD_no_account
newsjobfear.lovestoblog.com,DEAD_no_account
newsjoyceweber.totalh.net,DEAD_no_account
newslejournal.wuaze.com,DEAD_no_account
newslribunebampa.wuaze.com,DEAD_no_account
newsmarytrinh.is-best.net,DEAD_no_account
newsmercury.kesug.com,DEAD_no_account
newsmorning.kesug.com,DEAD_no_account
newsnetnews.my-board.org,ALIVE
newsnewyorkdaily.is-great.net,DEAD_no_account
newsnowdays.is-best.net,DEAD_no_account
newspostdenver.great-site.net,DEAD_no_account
newspostglobe.is-best.net,DEAD_no_account
newsrockymountain.is-best.net,DEAD_no_account
newsroughwords.nichesite.org,DEAD_no_account
newssentinelando.is-best.net,DEAD_no_account
newssoartruth.is-great.net,DEAD_no_account
newsstartelegram.kesug.com,DEAD_no_account
newsthealjazeera.kesug.com,DEAD_no_account
newsthebillgrifin.great-site.net,ALIVE
newsthelatribune.great-site.net,DEAD_no_account
newsthenewtimes.fanclub.rocks,DEAD_no_account
newsthescotsman.lovestoblog.com,DEAD_no_account
newsthethinker.kesug.com,DEAD_no_account
newsthetimes.nichesite.org,ALIVE
newsthevision.lovestoblog.com,ALIVE
newsthewishlander.great-site.net,DEAD_no_account
newstimesseattle.is-great.org,DEAD_no_account
newstogo.lovestoblog.com,DEAD_no_account
newstravelology.great-site.net,DEAD_no_account
newstribunereview.totalh.net,DEAD_no_account
newsviral.nichesite.org,DEAD_no_account
newswell.wuaze.com,DEAD_no_account
newswellpost.wuaze.com,DEAD_no_account
newyorkpost.kesug.com,DEAD_no_account
newyorkthetimes.fast-page.org,DEAD_no_account
newyorktimes.wuaze.com,DEAD_no_account
niabell.lovestoblog.com,DEAD_no_account
niameyer.is-great.org,DEAD_no_account
nichodobson.lovestoblog.com,DEAD_no_account
nicholasavery.wuaze.com,DEAD_no_account
nicholasclayton.great-site.net,DEAD_no_account
nicholasvida.great-site.net,DEAD_no_account
nicholefranklin.is-great.net,DEAD_no_account
nicholeingram.wuaze.com,DEAD_no_account
nickcombs.iblogger.org,DEAD_no_account
nickyhorn.lovestoblog.com,DEAD_no_account
nickyhowe.is-best.net,DEAD_no_account
nicohensley.is-great.org,DEAD_no_account
nicolaray.kesug.com,DEAD_no_account
nicolasbarrows.wuaze.com,DEAD_no_account
nicolasfuller.is-great.net,DEAD_no_account
nidiaguadar.is-best.net,DEAD_no_account
nikitaitt.lovestoblog.com,DEAD_no_account
nikkiemond.fast-page.org,DEAD_no_account
nikkispencer.is-great.org,DEAD_no_account
niklausandrade.is-best.net,DEAD_no_account
niklauspruitt.is-best.net,DEAD_no_account
nikoford.is-great.org,DEAD_no_account
nikolaskassul.is-great.org,DEAD_no_account
nikolinababic.is-great.net,DEAD_no_account
ninadougall.great-site.net,DEAD_no_account
ninahammond.great-site.net,DEAD_no_account
ninaschmitt.lovestoblog.com,DEAD_no_account
ninfatonelli.is-best.net,DEAD_no_account
nirmalasingh.lovestoblog.com,DEAD_no_account
nixonpadilla.iblogger.org,DEAD_no_account
noaestes.lovestoblog.com,DEAD_no_account
noahbates.likesyou.org,DEAD_no_account
noahbeardsmore.is-great.org,DEAD_no_account
noahbuck.is-best.net,DEAD_no_account
noahnorris.is-great.net,DEAD_no_account
noahsommerlad.is-best.net,DEAD_no_account
noahspringfield.nichesite.org,DEAD_no_account
noaricks.kesug.com,DEAD_no_account
noeldalton.wuaze.com,DEAD_no_account
noellebowman.wuaze.com,DEAD_no_account
noelleung.is-great.net,DEAD_no_account
nolaclark.wuaze.com,DEAD_no_account
nolahayes.great-site.net,DEAD_no_account
nolancowan.is-best.net,DEAD_no_account
nomadnova.lovestoblog.com,DEAD_no_account
noorlarsen.wuaze.com,DEAD_no_account
noracuomo.is-great.net,DEAD_no_account
norahdutton.kesug.com,DEAD_no_account
normandkrause.iblogger.org,DEAD_no_account
notnamedaustin.is-great.net,DEAD_no_account
novahahn.is-best.net,DEAD_no_account
novahorton.iblogger.org,DEAD_no_account
novamomado.fast-page.org,DEAD_no_account
novamontes.iblogger.org,DEAD_no_account
novanaviga.kesug.com,DEAD_no_account
novanavigato.kesug.com,DEAD_no_account
novanavigato.wuaze.com,DEAD_no_account
novanavigator.kesug.com,DEAD_no_account
novanavigator.lovestoblog.com,DEAD_no_account
novanavigator.nichesite.org,DEAD_no_account
novanebula.great-site.net,DEAD_no_account
novanebula.wuaze.com,DEAD_no_account
novanoma.great-site.net,ALIVE
novanomad.great-site.net,DEAD_no_account
novanomad.kesug.com,DEAD_no_account
novanomad.wuaze.com,DEAD_no_account
novanurture.great-site.net,DEAD_no_account
novanurture.lovestoblog.com,DEAD_no_account
novanurturer.great-site.net,DEAD_no_account
novanurturer.is-great.net,DEAD_no_account
novanurturer.kesug.com,DEAD_no_account
nurturernova.lovestoblog.com,DEAD_no_account
nylascanlon.my-style.in,DEAD_no_account
oakleymyers.kesug.com,DEAD_no_account
oakleynava.iblogger.org,DEAD_no_account
oapperkiva.wuaze.com,DEAD_no_account
obedsmalls.nichesite.org,DEAD_no_account
obinsondaniel.my-board.org,DEAD_no_account
observernews.kesug.com,DEAD_no_account
observertime.iblogger.org,DEAD_no_account
oceandreamer.is-best.net,DEAD_no_account
oceanekloc.kesug.com,DEAD_no_account
oceanicoasis.is-great.net,DEAD_no_account
oceanicoracle.great-site.net,DEAD_no_account
oceannewton.is-best.net,DEAD_no_account
oceanodysse.is-best.net,DEAD_no_account
oceanodyssey.iblogger.org,DEAD_no_account
oceanodyssey.is-best.net,DEAD_no_account
oceanodyssey.lovestoblog.com,DEAD_no_account
oceanodyssey.nichesite.org,DEAD_no_account
oceanoracl.nichesite.org,DEAD_no_account
oceanoracle.iblogger.org,DEAD_no_account
oceanoracle.kesug.com,DEAD_no_account
oceanoracle.nichesite.org,DEAD_no_account
oceanoracle.totalh.net,DEAD_no_account
oceanoverture.is-best.net,ALIVE
oceanoverture.is-great.net,DEAD_no_account
oceanoverture.my-style.in,DEAD_no_account
oceanoverture.wuaze.com,DEAD_no_account
oceanwhisperer.is-best.net,DEAD_no_account
octaviasnyder.great-site.net,DEAD_no_account
octavinamara.likesyou.org,DEAD_no_account
odinsparks.iblogger.org,DEAD_no_account
odysseyocean.iblogger.org,DEAD_no_account
officialfanko.fast-page.org,DEAD_no_account
olgamcdowell.great-site.net,DEAD_no_account
olgaorozco.is-great.net,DEAD_no_account
olgaperez.iblogger.org,DEAD_no_account
olinfarrell.great-site.net,DEAD_no_account
oliverhensman.is-great.org,DEAD_no_account
oliverkeller.kesug.com,DEAD_no_account
oliverleslie.great-site.net,DEAD_no_account
oliverolson.kesug.com,DEAD_no_account
olivertruji.is-best.net,DEAD_no_account
oliviabarranco.is-best.net,DEAD_no_account
oliviacarney.kesug.com,DEAD_no_account
oliviacharest.great-site.net,DEAD_no_account
oliviaemanuel.is-great.org,DEAD_no_account
oliviamckay.wuaze.com,DEAD_no_account
olivierlap.great-site.net,DEAD_no_account
olliechandler.iblogger.org,DEAD_no_account
olliegentry.is-great.net,DEAD_no_account
omarchrist.iblogger.org,DEAD_no_account
omardunn.wuaze.com,DEAD_no_account
omardyer.is-best.net,DEAD_no_account
omarhoffman.wuaze.com,DEAD_no_account
omaripeters.lovestoblog.com,DEAD_no_account
omarisimon.wuaze.com,DEAD_no_account
omarlanglois.iblogger.org,DEAD_no_account
omarmaio.kesug.com,DEAD_no_account
opalbarry.wuaze.com,DEAD_no_account
opheliamontes.lovestoblog.com,DEAD_no_account
opheliapadi.lovestoblog.com,DEAD_no_account
opheliavargas.lovestoblog.com,DEAD_no_account
optimistatlanta.great-site.net,DEAD_no_account
opulenttbserver.totalh.net,DEAD_no_account
oracleocean.nichesite.org,DEAD_no_account
orangeregister.iblogger.org,DEAD_no_account
orangeregister.nichesite.org,DEAD_no_account
oraziarosati.lovestoblog.com,DEAD_no_account
orestepapini.lovestoblog.com,DEAD_no_account
orhansteinkellner.iblogger.org,DEAD_no_account
orianabaraldi.is-great.net,DEAD_no_account
orianazanini.iblogger.org,DEAD_no_account
orlandobolton.lovestoblog.com,DEAD_no_account
orsosjuliska.nichesite.org,DEAD_no_account
orvalmosley.great-site.net,DEAD_no_account
oscarangelo.great-site.net,ALIVE
oscarbaird.kesug.com,DEAD_no_account
oscarheadlam.kesug.com,DEAD_no_account
oscarlush.is-best.net,DEAD_no_account
oscarolivera.is-great.net,DEAD_no_account
oscaroxley.kesug.com,DEAD_no_account
oscarpineda.is-best.net,DEAD_no_account
osmanmargreiter.kesug.com,DEAD_no_account
osvaldobell.iblogger.org,DEAD_no_account
otislam.great-site.net,DEAD_no_account
otmarpaar.lovestoblog.com,DEAD_no_account
ottawacitizen.lovestoblog.com,DEAD_no_account
ottisniko.is-best.net,DEAD_no_account
ottodaniel.iblogger.org,DEAD_no_account
ottoharrington.iblogger.org,DEAD_no_account
ottostark.is-great.net,DEAD_no_account
outlookgogwarts.great-site.net,DEAD_no_account
owenaslatt.great-site.net,DEAD_no_account
owenharris.kesug.com,DEAD_no_account
owenmackellar.lovestoblog.com,DEAD_no_account
owenyoung.iblogger.org,DEAD_no_account
pablowong.is-best.net,DEAD_no_account
paigebrooks.kesug.com,DEAD_no_account
paigeellis.great-site.net,DEAD_no_account
paigefrazier.is-great.org,DEAD_no_account
palmercolon.is-great.org,DEAD_no_account
pamelabegin.is-great.net,DEAD_no_account
pameladumas.wuaze.com,DEAD_no_account
pamelakeefe.is-great.net,DEAD_no_account
pamhood.kesug.com,DEAD_no_account
pancraziolonghi.lovestoblog.com,DEAD_no_account
panoramapost.lovestoblog.com,DEAD_no_account
pansymayer.is-best.net,DEAD_no_account
paolinorepett.iblogger.org,DEAD_no_account
paolmoretto.wuaze.com,DEAD_no_account
paperpundit.likesyou.org,DEAD_no_account
parkerharri.lovestoblog.com,DEAD_no_account
pasedonlevariso.wuaze.com,DEAD_no_account
pashionfocusnews.iblogger.org,DEAD_no_account
pasqualecallahan.is-best.net,DEAD_no_account
pasqualespano.is-great.net,DEAD_no_account
patelder.is-great.org,DEAD_no_account
patricefarmer.wuaze.com,DEAD_no_account
patricemedina.is-best.net,DEAD_no_account
patriciaplouffe.is-best.net,DEAD_no_account
patriciaracine.wuaze.com,DEAD_no_account
patrickgrishin.is-best.net,DEAD_no_account
patricklazarus.is-best.net,DEAD_no_account
patrickmonnier.is-great.org,DEAD_no_account
patrickormond.lovestoblog.com,DEAD_no_account
patrickstevens.is-great.org,DEAD_no_account
patricsutton.is-great.org,DEAD_no_account
patriothogwarts.lovestoblog.com,DEAD_no_account
patriziabian.kesug.com,DEAD_no_account
patriziasignv.is-best.net,DEAD_no_account
patsycaldwell.wuaze.com,DEAD_no_account
pattimckenzie.is-great.net,DEAD_no_account
pattydeleon.is-best.net,DEAD_no_account
paulbrown.is-great.net,DEAD_no_account
paulinowen.iblogger.org,DEAD_no_account
paxtoncarrera.lovestoblog.com,DEAD_no_account
pearliemullo.iblogger.org,DEAD_no_account
pearlmorris.iblogger.org,DEAD_no_account
pedromarks.iblogger.org,DEAD_no_account
pedromayer.is-great.org,DEAD_no_account
peggyberger.is-great.net,DEAD_no_account
pegsunwinni.mydiscussion.net,DEAD_no_account
penelopegibbs.is-best.net,DEAD_no_account
penelorush.great-site.net,DEAD_no_account
percysutton.great-site.net,DEAD_no_account
perrydavenport.wuaze.com,DEAD_no_account
perryhurley.great-site.net,DEAD_no_account
perscharttop.wuaze.com,DEAD_no_account
petercosta.is-best.net,DEAD_no_account
peterdanielson.is-great.net,DEAD_no_account
petergerber.great-site.net,DEAD_no_account
peterhopkins.is-great.net,DEAD_no_account
peterhughes.is-great.org,DEAD_no_account
peterlee.is-best.net,DEAD_no_account
petersburgtimes.great-site.net,DEAD_no_account
petersburgtimes.wuaze.com,DEAD_no_account
peterzimmerman.great-site.net,DEAD_no_account
petraabend.kesug.com,DEAD_no_account
peytonreyes.iblogger.org,DEAD_no_account
phenolthenews.lovestoblog.com,DEAD_no_account
philford.kesug.com,DEAD_no_account
philipharris.kesug.com,DEAD_no_account
philipmiller.iblogger.org,DEAD_no_account
philippaarmstrong.kesug.com,DEAD_no_account
philipross.iblogger.org,DEAD_no_account
phillipcrosby.kesug.com,DEAD_no_account
phillippkluge.is-best.net,DEAD_no_account
philmorgan.kesug.com,DEAD_no_account
philskinner.wuaze.com,DEAD_no_account
phoebeblacket.kesug.com,DEAD_no_account
phoebewebb.wuaze.com,DEAD_no_account
phoenixflame.iblogger.org,DEAD_no_account
phoenixmaynard.kesug.com,DEAD_no_account
phoenixprowess.iblogger.org,DEAD_no_account
phoenixrider.iblogger.org,DEAD_no_account
phyllisballard.lovestoblog.com,DEAD_no_account
pierinocasula.wuaze.com,DEAD_no_account
pierrefuller.lovestoblog.com,DEAD_no_account
pierrettehamilton.lovestoblog.com,DEAD_no_account
pierurso.is-best.net,DEAD_no_account
pietragiacomini.kesug.com,DEAD_no_account
pilotvirginian.kesug.com,DEAD_no_account
pinnaclepress.kesug.com,DEAD_no_account
piperhorgan.is-great.org,DEAD_no_account
placidaguillen.wuaze.com,DEAD_no_account
poligandini.kesug.com,DEAD_no_account
pollycalla.kesug.com,DEAD_no_account
poppyconnor.is-best.net,DEAD_no_account
poppyjordan.lovestoblog.com,DEAD_no_account
poppypace.kesug.com,DEAD_no_account
porcarobrandon.great-site.net,DEAD_no_account
porfiriaconde.lovestoblog.com,DEAD_no_account
porfiriosalas.wuaze.com,DEAD_no_account
porfiriovance.lovestoblog.com,DEAD_no_account
porteravery.is-best.net,DEAD_no_account
portlandoregonian.iblogger.org,DEAD_no_account
portlandoregonian.is-best.net,DEAD_no_account
poshtopianews.lovestoblog.com,DEAD_no_account
postchirpchant.iblogger.org,DEAD_no_account
postnational.great-site.net,DEAD_no_account
postrogwarts.great-site.net,DEAD_no_account
postsbest.kesug.com,DEAD_no_account
postthecairo.totalh.net,DEAD_no_account
postthephnom.nichesite.org,DEAD_no_account
preciousalli.great-site.net,DEAD_no_account
pressodde.lovestoblog.com,DEAD_no_account
presspioneer.wuaze.com,DEAD_no_account
prestonsadler.is-great.net,DEAD_no_account
primoalbano.iblogger.org,DEAD_no_account
princedoyle.is-great.net,DEAD_no_account
printprophet.great-site.net,DEAD_no_account
printsposhneola.my-style.in,DEAD_no_account
priscilevangel.iblogger.org,ALIVE
priscillaterry.wuaze.com,DEAD_no_account
prisepressenter.kesug.com,DEAD_no_account
priyastoddard.wuaze.com,DEAD_no_account
promisehuerta.lovestoblog.com,DEAD_no_account
prophetprint.wuaze.com,DEAD_no_account
prtscapesnews.great-site.net,DEAD_no_account
pryadonselaar.is-great.org,DEAD_no_account
publicarizonare.is-best.net,DEAD_no_account
publicsouthre.great-site.net,DEAD_no_account
publicsouthre.lovestoblog.com,DEAD_no_account
pujachary.iblogger.org,DEAD_no_account
pulliamthepaul.mydiscussion.net,DEAD_no_account
punditpapernews.likesyou.org,DEAD_no_account
puntierecipes.kesug.com,DEAD_no_account
qatarthetribune.kesug.com,DEAD_no_account
quantumquasar.my-board.org,DEAD_no_account
queencorrea.lovestoblog.com,DEAD_no_account
quentinroman.great-site.net,DEAD_no_account
quillbuotient.great-site.net,DEAD_no_account
quincypearce.is-great.net,DEAD_no_account
quincywither.kesug.com,DEAD_no_account
quintinmaples.my-style.in,DEAD_no_account
quintinmccoy.is-best.net,DEAD_no_account
rachelbuckland.is-best.net,DEAD_no_account
rachelchurchill.iblogger.org,DEAD_no_account
rachelenticknap.lovestoblog.com,DEAD_no_account
rachellefairc.is-best.net,DEAD_no_account
rachelleruss.is-great.org,DEAD_no_account
rachelmurray.great-site.net,DEAD_no_account
rachelpalmer.kesug.com,DEAD_no_account
radiantraven.great-site.net,DEAD_no_account
radiantrealm.is-best.net,DEAD_no_account
radiantrhapsody.is-great.org,DEAD_no_account
radisaschmidt.wuaze.com,DEAD_no_account
raebarr.iblogger.org,DEAD_no_account
rahulbarbosa.is-great.org,DEAD_no_account
rainbowrealm.my-board.org,DEAD_no_account
rainbowreverie.kesug.com,DEAD_no_account
rainbowrider.iblogger.org,DEAD_no_account
rajeshgreenhalgh.is-great.net,DEAD_no_account
rakibuiislam.lovestoblog.com,ALIVE
ralestrend.fanclub.rocks,DEAD_no_account
ralphlong.page.gd,UNCERTAIN_timeout
ramiroglynn.iblogger.org,DEAD_no_account
ramonacavalieri.great-site.net,DEAD_no_account
randalpatter.iblogger.org,DEAD_no_account
randalstrong.is-best.net,DEAD_no_account
randellanthony.wuaze.com,DEAD_no_account
randivillegas.great-site.net,DEAD_no_account
randjarami.is-best.net,DEAD_no_account
randyalonzo.wuaze.com,DEAD_no_account
randymadden.is-great.net,DEAD_no_account
raphaeldixon.iblogger.org,DEAD_no_account
raquelcarreon.wuaze.com,DEAD_no_account
raquelesteban.wuaze.com,DEAD_no_account
raquelholland.kesug.com,DEAD_no_account
rashadhari.is-best.net,DEAD_no_account
rasheedgraf.is-best.net,DEAD_no_account
rasmusskov.lovestoblog.com,DEAD_no_account
rauljones.is-great.org,DEAD_no_account
raulvarela.lovestoblog.com,DEAD_no_account
ravencobb.wuaze.com,DEAD_no_account
ravifarr.is-great.net,DEAD_no_account
rayanguerra.is-great.org,DEAD_no_account
rayanstrick.is-great.net,DEAD_no_account
raycharron.iblogger.org,DEAD_no_account
raydencorrea.iblogger.org,DEAD_no_account
raylanmaxwell.is-best.net,DEAD_no_account
raymoncaldwe.kesug.com,DEAD_no_account
raymondsteel.wuaze.com,DEAD_no_account
raymondwest.wuaze.com,DEAD_no_account
raymonsalazar.iblogger.org,DEAD_no_account
raynemyers.kesug.com,DEAD_no_account
reaganfry.kesug.com,DEAD_no_account
rebeccablackburn.wuaze.com,DEAD_no_account
rebeccaterry.is-great.net,DEAD_no_account
rebecmontgom.wuaze.com,DEAD_no_account
rebekahlamb.lovestoblog.com,DEAD_no_account
rebekahlong.is-best.net,DEAD_no_account
rebekahrojas.lovestoblog.com,DEAD_no_account
recorderdaily.iblogger.org,DEAD_no_account
recorderverucada.loveslife.biz,DEAD_no_account
recordledroit.wuaze.com,DEAD_no_account
recordtheenterprise.wuaze.com,DEAD_no_account
reeceslater.great-site.net,DEAD_no_account
reedchristian.great-site.net,DEAD_no_account
reedvieira.kesug.com,DEAD_no_account
referencesmodern.lovestoblog.com,ALIVE
reginalefebvre.is-great.net,DEAD_no_account
reginalija.kesug.com,DEAD_no_account
reginasamson.is-best.net,DEAD_no_account
reginebernhard.lovestoblog.com,DEAD_no_account
registerhogwarts.kesug.com,DEAD_no_account
rehanahoare.is-great.net,DEAD_no_account
rehanawoods.lovestoblog.com,DEAD_no_account
reignandrews.wuaze.com,DEAD_no_account
reignkirk.iblogger.org,DEAD_no_account
reinholdhofbauer.wuaze.com,DEAD_no_account
remiboudreau.infinityfreeapp.com,DEAD_no_account
reminlarkin.is-best.net,DEAD_no_account
reminzamora.wuaze.com,DEAD_no_account
renacruz.wuaze.com,DEAD_no_account
renaldocasti.kesug.com,DEAD_no_account
renatabuchegger.iblogger.org,DEAD_no_account
renataharrell.kesug.com,DEAD_no_account
renatoallen.iblogger.org,DEAD_no_account
reneelevasseur.is-great.net,DEAD_no_account
reneenewton.is-great.net,DEAD_no_account
renemaddox.iblogger.org,DEAD_no_account
renepertl.iblogger.org,DEAD_no_account
reporterswatch.is-best.net,ALIVE
reporterthe.kesug.com,DEAD_no_account
reportsnational.kesug.com,DEAD_no_account
republicthehogwarts.is-great.net,DEAD_no_account
reubendorsey.kesug.com,DEAD_no_account
reviewtheboston.kesug.com,DEAD_no_account
rexgregory.is-great.net,DEAD_no_account
rexkerr.kesug.com,DEAD_no_account
rexwhite.great-site.net,DEAD_no_account
reyhaynes.is-best.net,DEAD_no_account
reynaldogilbert.is-best.net,DEAD_no_account
rhettsimmons.is-great.net,DEAD_no_account
rhondacharles.lovestoblog.com,DEAD_no_account
rhondareid.great-site.net,DEAD_no_account
rhysmay.iblogger.org,DEAD_no_account
ricardofranklin.is-great.net,DEAD_no_account
ricardomills.is-great.org,DEAD_no_account
richardclarkson.is-best.net,DEAD_no_account
richardellison.lovestoblog.com,DEAD_no_account
richardkohler.is-best.net,DEAD_no_account
richardmiller.is-great.net,DEAD_no_account
richardortega.kesug.com,DEAD_no_account
richardreyes.iblogger.org,DEAD_no_account
richardschiller.lovestoblog.com,DEAD_no_account
richardson.great-site.net,DEAD_no_account
richreilly.kesug.com,DEAD_no_account
rickclarke.lovestoblog.com,DEAD_no_account
rickeyfuller.wuaze.com,DEAD_no_account
rickweiss.wuaze.com,DEAD_no_account
rickybeard.is-great.net,DEAD_no_account
rigobertocalderon.wuaze.com,DEAD_no_account
riittatiisanoja.lovestoblog.com,DEAD_no_account
rikkefriis.is-great.org,DEAD_no_account
rileyblake.great-site.net,DEAD_no_account
rileybushby.is-great.net,DEAD_no_account
rileycalvert.is-great.org,DEAD_no_account
rileyduras.great-site.net,DEAD_no_account
rioclark.iblogger.org,DEAD_no_account
rishibambacht.wuaze.com,DEAD_no_account
rishmapiet.great-site.net,DEAD_no_account
ritaduffy.is-best.net,DEAD_no_account
ritalanglois.great-site.net,DEAD_no_account
riverabbott.is-great.net,DEAD_no_account
rivervargas.is-great.net,DEAD_no_account
robbieduncan.iblogger.org,DEAD_no_account
robbiekirk.wuaze.com,DEAD_no_account
robbinstheearl.totalh.net,DEAD_no_account
robburton.lovestoblog.com,DEAD_no_account
robertahinton.is-best.net,DEAD_no_account
robertavargas.iblogger.org,DEAD_no_account
robertbaxter.great-site.net,DEAD_no_account
robertgreer.iblogger.org,DEAD_no_account
robertkeller.fanclub.rocks,DEAD_no_account
robertlemore.is-great.org,DEAD_no_account
robertmcclure.lovestoblog.com,DEAD_no_account
robertocleary.kesug.com,DEAD_no_account
robertscott.is-best.net,DEAD_no_account
robinbroadbent.is-great.org,DEAD_no_account
robinglenn.kesug.com,DEAD_no_account
robinhaynes.kesug.com,DEAD_no_account
robinjakobsson.iblogger.org,DEAD_no_account
robledobarreto.wuaze.com,DEAD_no_account
robtcuevas.iblogger.org,DEAD_no_account
robtkay.is-best.net,DEAD_no_account
robynharding.is-great.org,DEAD_no_account
robynrivers.kesug.com,DEAD_no_account
roccacozzi.lovestoblog.com,DEAD_no_account
rochgardner.great-site.net,DEAD_no_account
rocioarevalo.wuaze.com,DEAD_no_account
rockymountthe.wuaze.com,DEAD_no_account
rodcarter.is-best.net,DEAD_no_account
rodcomeau.kesug.com,DEAD_no_account
rodneyadams.iblogger.org,DEAD_no_account
rodolfobattisti.is-great.net,DEAD_no_account
rodrigohernan.is-best.net,DEAD_no_account
rogeliolawrence.is-best.net,DEAD_no_account
rogerchartrand.is-great.org,DEAD_no_account
rogerholden.kesug.com,DEAD_no_account
rogersalmon.is-best.net,DEAD_no_account
rogervilleneuve.iblogger.org,DEAD_no_account
rolandgraf.is-best.net,DEAD_no_account
rolfcraig.kesug.com,DEAD_no_account
romandavenport.is-great.net,DEAD_no_account
romandurand.is-best.net,DEAD_no_account
romanharrell.iblogger.org,DEAD_no_account
romanwoods.great-site.net,DEAD_no_account
ronaldconley.is-great.net,DEAD_no_account
ronaldowesley.iblogger.org,DEAD_no_account
ronandrews.great-site.net,DEAD_no_account
ronanmeyers.is-best.net,DEAD_no_account
ronicleestatech.is-great.net,DEAD_no_account
roninrangel.iblogger.org,DEAD_no_account
ronintapia.is-best.net,DEAD_no_account
ronjonanews.fast-page.org,DEAD_no_account
ronniefarland.is-best.net,DEAD_no_account
ronnyescobar.is-best.net,DEAD_no_account
ronnyspence.is-best.net,DEAD_no_account
rorykingsmill.lovestoblog.com,DEAD_no_account
rorymacarthur.is-great.org,DEAD_no_account
rorypetherick.lovestoblog.com,DEAD_no_account
roryrumpf.great-site.net,DEAD_no_account
roryrylah.wuaze.com,DEAD_no_account
rosaguerra.is-great.org,DEAD_no_account
rosaholt.lovestoblog.com,DEAD_no_account
rosalaburdick.lovestoblog.com,DEAD_no_account
rosalbazani.is-best.net,DEAD_no_account
rosaleepowers.is-best.net,DEAD_no_account
rosalieliu.kesug.com,DEAD_no_account
rosaliemcintosh.wuaze.com,DEAD_no_account
rosalimcint.wuaze.com,DEAD_no_account
rosalindamorgan.great-site.net,DEAD_no_account
rosalindblac.iblogger.org,DEAD_no_account
rosalindglass.is-great.net,DEAD_no_account
rosalynhood.is-great.net,DEAD_no_account
rosannanardi.is-great.net,DEAD_no_account
rosanparsons.wuaze.com,DEAD_no_account
rosapage.my-style.in,DEAD_no_account
rosaparrish.wuaze.com,DEAD_no_account
rosascotti.is-best.net,DEAD_no_account
rosasexton.lovestoblog.com,DEAD_no_account
rosasvendsen.great-site.net,DEAD_no_account
rosawood.is-great.net,DEAD_no_account
rosedoorly.wuaze.com,DEAD_no_account
rosegraves.great-site.net,DEAD_no_account
roseharvey.iblogger.org,DEAD_no_account
rosellaguzman.is-best.net,DEAD_no_account
rosellavalli.is-best.net,DEAD_no_account
roselynparrish.lovestoblog.com,DEAD_no_account
rosemaperkins.is-great.org,DEAD_no_account
rosemarykelly.is-great.net,DEAD_no_account
rosemarypeter.iblogger.org,DEAD_no_account
rosendobarragan.great-site.net,DEAD_no_account
rosetmahoney.iblogger.org,DEAD_no_account
rosettalandry.wuaze.com,DEAD_no_account
roseyoung.great-site.net,DEAD_no_account
rosieanthony.is-best.net,DEAD_no_account
rosiehurst.great-site.net,DEAD_no_account
rossnewsthomas.fast-page.org,DEAD_no_account
rowanskinner.is-best.net,DEAD_no_account
rowenaavila.iblogger.org,DEAD_no_account
rowenagonza.great-site.net,DEAD_no_account
rowenberg.is-great.org,DEAD_no_account
rowendalton.kesug.com,DEAD_no_account
roxannepollard.is-best.net,DEAD_no_account
roycealfaro.wuaze.com,DEAD_no_account
rozanynupur.is-best.net,DEAD_no_account
rozsadorika.lovestoblog.com,DEAD_no_account
rpostenquire.nichesite.org,DEAD_no_account
rrazevurrent.is-best.net,DEAD_no_account
rubenmullen.wuaze.com,DEAD_no_account
rubybacon.is-great.net,DEAD_no_account
rubycollins.wuaze.com,DEAD_no_account
rubyduterrau.is-great.net,DEAD_no_account
rubynichols.is-best.net,DEAD_no_account
rubythebulletin.lovestoblog.com,DEAD_no_account
rudybourgeois.my-board.org,DEAD_no_account
rufushorn.is-great.net,DEAD_no_account
ruggieroippo.iblogger.org,DEAD_no_account
rursteusiness.iblogger.org,DEAD_no_account
russellpotts.is-great.org,DEAD_no_account
russoveronese.is-great.net,DEAD_no_account
russpayne.wuaze.com,DEAD_no_account
ruthesparza.is-great.net,DEAD_no_account
ruthiedouglas.wuaze.com,DEAD_no_account
ruthierowe.kesug.com,DEAD_no_account
ruthradford.iblogger.org,DEAD_no_account
ruthshaw.lovestoblog.com,DEAD_no_account
ruthshort.kesug.com,DEAD_no_account
ryanfitzgerald.iblogger.org,DEAD_no_account
ryanfraser.kesug.com,ALIVE
ryanhughes.lovestoblog.com,DEAD_no_account
ryderlyng.lovestoblog.com,DEAD_no_account
rydertivey.great-site.net,DEAD_no_account
ryderwenz.kesug.com,DEAD_no_account
rykerclayton.iblogger.org,DEAD_no_account
rykerfitzgerald.is-best.net,DEAD_no_account
rykerspence.lovestoblog.com,DEAD_no_account
rylandblan.nichesite.org,DEAD_no_account
rylannewton.is-great.net,DEAD_no_account
rylieramirez.is-great.net,DEAD_no_account
sabastamayo.iblogger.org,DEAD_no_account
sabastnsannon.nichesite.org,DEAD_no_account
sabinoyepez.is-great.net,DEAD_no_account
sabrinachilds.lovestoblog.com,DEAD_no_account
sabrinafeiebend.iblogger.org,DEAD_no_account
sabrinasparks.wuaze.com,DEAD_no_account
sacpiscitelli.great-site.net,DEAD_no_account
saderollins.iblogger.org,DEAD_no_account
sadiejenni.wuaze.com,DEAD_no_account
sadienoble.lovestoblog.com,DEAD_no_account
saenzjasso.likesyou.org,DEAD_no_account
saffairstoday.wuaze.com,DEAD_no_account
sageleon.lovestoblog.com,DEAD_no_account
saigegallegos.is-best.net,DEAD_no_account
saigemagana.wuaze.com,DEAD_no_account
saintbarber.is-best.net,DEAD_no_account
sairasage.iblogger.org,DEAD_no_account
salenahull.great-site.net,DEAD_no_account
sallyatkins.lovestoblog.com,DEAD_no_account
sallymyer.wuaze.com,DEAD_no_account
sallyprince.iblogger.org,DEAD_no_account
salomesanti.is-great.net,DEAD_no_account
salvatorefedeli.is-best.net,DEAD_no_account
salvovolpe.wuaze.com,DEAD_no_account
samanbindels.is-best.net,DEAD_no_account
samanderson.lovestoblog.com,DEAD_no_account
samanthacantu.is-best.net,DEAD_no_account
samanthakrimper.is-great.org,DEAD_no_account
samanthamclean.lovestoblog.com,DEAD_no_account
samaramack.kesug.com,DEAD_no_account
sambruxner.lovestoblog.com,DEAD_no_account
sammiegarcia.iblogger.org,DEAD_no_account
sammyrichards.is-best.net,DEAD_no_account
samsonpage.is-great.net,DEAD_no_account
samspringer.wuaze.com,DEAD_no_account
samualbeasley.is-best.net,DEAD_no_account
samuelcampbell.wuaze.com,DEAD_no_account
samuelcoles.great-site.net,DEAD_no_account
samuelgaunt.is-great.net,DEAD_no_account
samuelponce.wuaze.com,DEAD_no_account
samuelprentice.is-great.net,DEAD_no_account
samuelsaville.is-great.org,DEAD_no_account
samuelstanbury.is-great.net,ALIVE
sandeepbamford.is-great.net,DEAD_no_account
sandracharles.iblogger.org,DEAD_no_account
sandrareiniger.is-great.org,DEAD_no_account
sandymckenzie.wuaze.com,DEAD_no_account
sanjaziegler.great-site.net,DEAD_no_account
sanjidashoha.is-best.net,DEAD_no_account
santafioravanti.is-best.net,DEAD_no_account
santaguada.wuaze.com,DEAD_no_account
santerisihvonen.is-great.net,DEAD_no_account
santiagomora.kesug.com,DEAD_no_account
santiathegotimes.kesug.com,DEAD_no_account
santobruno.lovestoblog.com,DEAD_no_account
santosmahon.iblogger.org,DEAD_no_account
santospfe.wuaze.com,DEAD_no_account
santosprado.wuaze.com,DEAD_no_account
sapphireshade.kesug.com,DEAD_no_account
sapphireshifter.wuaze.com,DEAD_no_account
sapphiresong.great-site.net,DEAD_no_account
sapphiresoul.kesug.com,DEAD_no_account
saradanner.is-great.org,DEAD_no_account
sarahbledsoe.lovestoblog.com,DEAD_no_account
sarahbuck.wuaze.com,DEAD_no_account
saraheggers.is-great.org,DEAD_no_account
sarahfriedrich.great-site.net,DEAD_no_account
sarahmay.lovestoblog.com,DEAD_no_account
sarahurd.nichesite.org,DEAD_no_account
sarahwhite.iblogger.org,DEAD_no_account
saraidixon.kesug.com,DEAD_no_account
sarawolacot.wuaze.com,DEAD_no_account
sariahbecker.is-best.net,DEAD_no_account
sarketlonitor.great-site.net,DEAD_no_account
sarkozifanni.kesug.com,DEAD_no_account
sartorialaplendor.totalh.net,ALIVE
sartorialsplendor.nichesite.org,DEAD_no_account
sasharollins.great-site.net,DEAD_no_account
sashashields.is-best.net,DEAD_no_account
saudithegazette.great-site.net,DEAD_no_account
saulharrell.iblogger.org,DEAD_no_account
savaingram.kesug.com,DEAD_no_account
savierdeasey.nichesite.org,DEAD_no_account
scarletcerva.lovestoblog.com,DEAD_no_account
scarlethayes.is-great.net,DEAD_no_account
scarlettjensen.wuaze.com,DEAD_no_account
scarlettvalenc.is-best.net,DEAD_no_account
scolonisttime.social-networking.me,ALIVE
scornergamer.synergize.co,DEAD_no_account
scothamill.great-site.net,DEAD_no_account
scotsmanthenews.is-best.net,DEAD_no_account
scottiedaugherty.great-site.net,DEAD_no_account
scottyang.wuaze.com,DEAD_no_account
scoutmaxwell.lovestoblog.com,DEAD_no_account
scoutschwar.lovestoblog.com,DEAD_no_account
sculptorshadow.iblogger.org,DEAD_no_account
sculptorshadow.is-best.net,DEAD_no_account
sculptoshado.talk4fun.net,DEAD_no_account
scurrentevent.is-great.net,DEAD_no_account
seantucker.lovestoblog.com,DEAD_no_account
seantufnell.is-best.net,DEAD_no_account
seanvazquez.is-best.net,DEAD_no_account
seanwalton.kesug.com,DEAD_no_account
sebastianbruun.is-great.org,DEAD_no_account
sebastiancabena.wuaze.com,DEAD_no_account
sebastiangottlieb.lovestoblog.com,DEAD_no_account
sebastiangrimes.lovestoblog.com,DEAD_no_account
sebastianmagrath.kesug.com,DEAD_no_account
sebastianritter.lovestoblog.com,DEAD_no_account
sebastianroxon.likesyou.org,DEAD_no_account
sebastianvernon.is-best.net,DEAD_no_account
sebastianwolf.wuaze.com,DEAD_no_account
sebastistokes.iblogger.org,DEAD_no_account
sebstianehrlmann.iblogger.org,DEAD_no_account
secoratorsdigest.great-site.net,DEAD_no_account
seekershadow.talk4fun.net,DEAD_no_account
seekerstorynews.wuaze.com,DEAD_no_account
segybusines.great-site.net,DEAD_no_account
selahthomas.kesug.com,DEAD_no_account
selenahaley.wuaze.com,DEAD_no_account
sentinelcivic.fast-page.org,DEAD_no_account
sentineljournal.iblogger.org,DEAD_no_account
sequoiahamel.is-best.net,DEAD_no_account
serafinamosca.is-great.net,DEAD_no_account
serenabuchanan.lovestoblog.com,DEAD_no_account
serenacampbell.kesug.com,DEAD_no_account
serenacroci.wuaze.com,DEAD_no_account
serenadoyle.lovestoblog.com,DEAD_no_account
serendipitoussoul.is-best.net,DEAD_no_account
serendipitousstar.nichesite.org,DEAD_no_account
serendipitysiren.great-site.net,DEAD_no_account
serenestorm.is-best.net,DEAD_no_account
serenitynielsen.wuaze.com,DEAD_no_account
sergestephenson.wuaze.com,DEAD_no_account
sergioelizondo.is-best.net,DEAD_no_account
sethbillson.kesug.com,DEAD_no_account
sethcooley.is-great.net,DEAD_no_account
sethgurney.great-site.net,DEAD_no_account
sethmcinnes.kesug.com,DEAD_no_account
sethpiddington.great-site.net,DEAD_no_account
shadeshadow.my-style.in,DEAD_no_account
shadowdancer.great-site.net,DEAD_no_account
shadowscribe.is-best.net,DEAD_no_account
shadowsculptor.iblogger.org,DEAD_no_account
shadowsculptor.is-best.net,DEAD_no_account
shadowsculptor.likesyou.org,DEAD_no_account
shadowsculptor.lovestoblog.com,DEAD_no_account
shadowsculptor.wuaze.com,DEAD_no_account
shadowsculpture.iblogger.org,DEAD_no_account
shadowseeke.iblogger.org,DEAD_no_account
shadowseeke.nichesite.org,DEAD_no_account
shadowseeker.great-site.net,DEAD_no_account
shadowseeker.is-great.net,DEAD_no_account
shadowseeker.my-style.in,DEAD_no_account
shadowseeker.wuaze.com,DEAD_no_account
shadowshad.my-style.in,ALIVE
shadowshade.my-style.in,DEAD_no_account
shadowshade.nichesite.org,DEAD_no_account
shadowshade.wuaze.com,DEAD_no_account
shadowsorcerer.wuaze.com,DEAD_no_account
shadowspirit.great-site.net,DEAD_no_account
shadowspirit.kesug.com,DEAD_no_account
shadowspirit.lovestoblog.com,DEAD_no_account
shadowsunlit.totalh.net,DEAD_no_account
shadowwalker.iblogger.org,DEAD_no_account
shadyomar.is-great.org,DEAD_no_account
shanelowe.is-great.org,DEAD_no_account
shaneramos.is-best.net,DEAD_no_account
shannonhansen.iblogger.org,DEAD_no_account
shanoncasper.iblogger.org,DEAD_no_account
shantidibra.is-great.net,DEAD_no_account
shantidibra.lovestoblog.com,DEAD_no_account
sharichung.lovestoblog.com,DEAD_no_account
sharonmathieu.is-best.net,DEAD_no_account
sharonterry.is-great.net,DEAD_no_account
sharrongates.lovestoblog.com,DEAD_no_account
sharronkrause.is-best.net,DEAD_no_account
shaunchristensen.kesug.com,DEAD_no_account
shawnaberry.is-best.net,DEAD_no_account
shawnadouglas.wuaze.com,DEAD_no_account
shawnawaugh.kesug.com,DEAD_no_account
shawncalhoun.is-best.net,DEAD_no_account
shawnrobbins.is-best.net,DEAD_no_account
shawnschroeder.is-great.net,DEAD_no_account
shawnvalencia.is-best.net,DEAD_no_account
shawnwatkins.iblogger.org,DEAD_no_account
shaymerritt.is-best.net,DEAD_no_account
shaynarobert.kesug.com,DEAD_no_account
shaynedavison.is-best.net,DEAD_no_account
sheakent.nichesite.org,DEAD_no_account
sheamoseley.kesug.com,DEAD_no_account
sheapurcell.kesug.com,DEAD_no_account
sheldonsellers.lovestoblog.com,DEAD_no_account
sheliabates.is-great.net,DEAD_no_account
sheltonmeyer.lovestoblog.com,DEAD_no_account
sheraldbuenosaire.nichesite.org,DEAD_no_account
sheraldhogwart.iblogger.org,DEAD_no_account
sherrychung.lovestoblog.com,DEAD_no_account
sherrythomson.is-best.net,DEAD_no_account
sherylgiles.wuaze.com,DEAD_no_account
shilohcalde.kesug.com,DEAD_no_account
shilohdonnell.is-great.net,DEAD_no_account
shirleyhunter.wuaze.com,DEAD_no_account
shirleyparsons.kesug.com,DEAD_no_account
shonmccall.is-best.net,DEAD_no_account
shreyahaney.is-great.net,DEAD_no_account
shvilleteneseanna.great-site.net,DEAD_no_account
sidhale.iblogger.org,DEAD_no_account
sidneyleech.kesug.com,DEAD_no_account
sidnicholson.is-great.net,DEAD_no_account
sienaflowers.great-site.net,DEAD_no_account
sienakirk.wuaze.com,DEAD_no_account
sierranixon.iblogger.org,DEAD_no_account
silasdaily.iblogger.org,DEAD_no_account
silasjungton.lovestoblog.com,DEAD_no_account
silkebecker.is-best.net,DEAD_no_account
silkekluge.is-great.org,DEAD_no_account
silkeschmitt.is-best.net,DEAD_no_account
silketheiss.great-site.net,DEAD_no_account
silverarrow.iblogger.org,DEAD_no_account
silverarrow.totalh.net,DEAD_no_account
silverstardus.lovestoblog.com,DEAD_no_account
silverstardust.wuaze.com,DEAD_no_account
silvestrostefano.is-great.org,ALIVE
silviacourtney.lovestoblog.com,DEAD_no_account
simkapaliki.kesug.com,DEAD_no_account
simonbutler.iblogger.org,DEAD_no_account
simonchurch.is-great.net,DEAD_no_account
simonealexander.is-great.net,DEAD_no_account
simonebelanger.wuaze.com,DEAD_no_account
simonemoroni.great-site.net,DEAD_no_account
simonlugo.iblogger.org,DEAD_no_account
sineadkim.lovestoblog.com,DEAD_no_account
sirazhdimelikov.lovestoblog.com,DEAD_no_account
sissontammie.nichesite.org,DEAD_no_account
sitemaga.wuaze.com,DEAD_no_account
skyeaplin.is-best.net,ALIVE
skyeperalta.kesug.com,DEAD_no_account
skylarvance.kesug.com,DEAD_no_account
skylerbreedlo.nichesite.org,DEAD_no_account
skylerburch.lovestoblog.com,DEAD_no_account
skylerfrench.lovestoblog.com,DEAD_no_account
sleekstylenews.lovestoblog.com,DEAD_no_account
smitjarake.fanclub.rocks,DEAD_no_account
smyronjame.my-board.org,DEAD_no_account
snuggetthefogwart.wuaze.com,DEAD_no_account
socialthesynergy.kesug.com,DEAD_no_account
sofiajacobsen.is-great.net,DEAD_no_account
sofiapiscopo.is-best.net,DEAD_no_account
sofiaschmidt.lovestoblog.com,DEAD_no_account
sofiawagner.iblogger.org,DEAD_no_account
solarsailor.great-site.net,DEAD_no_account
solarseraph.iblogger.org,DEAD_no_account
solomonmartin.is-great.org,DEAD_no_account
solsticeseeker.iblogger.org,DEAD_no_account
solsticesorceress.is-great.net,DEAD_no_account
sondrapayne.is-best.net,DEAD_no_account
songspirit.kesug.com,DEAD_no_account
songspirit.lovestoblog.com,DEAD_no_account
soniaingram.wuaze.com,DEAD_no_account
sonjabooth.great-site.net,DEAD_no_account
sonjadrouin.wuaze.com,DEAD_no_account
sonnewsthehughnel.lovestoblog.com,DEAD_no_account
sonnywarren.lovestoblog.com,DEAD_no_account
sonyajobin.wuaze.com,DEAD_no_account
sophiabruntnell.great-site.net,DEAD_no_account
sophiachan.iblogger.org,DEAD_no_account
sophiaescobar.is-great.net,DEAD_no_account
sophiafaunce.is-best.net,DEAD_no_account
sophiaknapp.lovestoblog.com,DEAD_no_account
sophiebrandt.wuaze.com,DEAD_no_account
sophiegottschalk.lovestoblog.com,DEAD_no_account
sophiehargre.is-best.net,DEAD_no_account
sophiekrause.iblogger.org,DEAD_no_account
sophieparker.is-great.net,DEAD_no_account
sophierobles.lovestoblog.com,DEAD_no_account
soptimistwogwart.likesyou.org,DEAD_no_account
soulsunlit.iblogger.org,DEAD_no_account
soulsunlit.totalh.net,DEAD_no_account
soultalkthenews.social-networking.me,DEAD_no_account
sounderatlanta.wuaze.com,DEAD_no_account
sounderrogwarts.loveslife.biz,DEAD_no_account
sourcetheaogwarts.wuaze.com,DEAD_no_account
southafricatimes.social-networking.me,DEAD_no_account
souththechina.lovestoblog.com,DEAD_no_account
spectaclespirit.wuaze.com,DEAD_no_account
spectacspiri.lovestoblog.com,DEAD_no_account
spectatortheeogwarts.nichesite.org,DEAD_no_account
spectersunlit.is-best.net,DEAD_no_account
spectersunlit.my-style.in,DEAD_no_account
spectrumsentinel.wuaze.com,DEAD_no_account
spencerbear.is-great.net,DEAD_no_account
spencerhardin.wuaze.com,DEAD_no_account
spencerlind.great-site.net,DEAD_no_account
spencerwootton.lovestoblog.com,DEAD_no_account
spencerzadow.lovestoblog.com,DEAD_no_account
spiritshadow.lovestoblog.com,DEAD_no_account
spiritshadow.wuaze.com,DEAD_no_account
spiritsinger.lovestoblog.com,DEAD_no_account
spiritson.kesug.com,DEAD_no_account
spiritsong.kesug.com,ALIVE
spiritsong.wuaze.com,DEAD_no_account
spiritsorceress.great-site.net,DEAD_no_account
spiritspectacle.great-site.net,DEAD_no_account
spiritspectacle.kesug.com,DEAD_no_account
spiritspectacle.totalh.net,DEAD_no_account
spiritspectacle.wuaze.com,DEAD_no_account
spiritstargazer.wuaze.com,DEAD_no_account
sportsspotnews.kesug.com,DEAD_no_account
spotonthe.is-best.net,DEAD_no_account
spotsportsnews.lovestoblog.com,DEAD_no_account
springtimestheday.totalh.net,DEAD_no_account
sravellogynews.lovestoblog.com,DEAD_no_account
sreviewthehogwart.is-great.org,DEAD_no_account
staceymilner.iblogger.org,DEAD_no_account
stacydonaldson.lovestoblog.com,DEAD_no_account
stallingandrea.wuaze.com,DEAD_no_account
standardprestige.is-best.net,DEAD_no_account
stanleybowman.lovestoblog.com,DEAD_no_account
stanleyzhang.is-great.net,DEAD_no_account
stantonclements.wuaze.com,DEAD_no_account
stanwilcox.is-great.net,DEAD_no_account
stardussilver.lovestoblog.com,DEAD_no_account
stardustsilver.lovestoblog.com,DEAD_no_account
starjogwarts.loveslife.biz,DEAD_no_account
starlightwhisper.wuaze.com,DEAD_no_account
starlitseeker.kesug.com,DEAD_no_account
starlitspectacle.wuaze.com,DEAD_no_account
starrysphinx.lovestoblog.com,DEAD_no_account
starrywhisper.wuaze.com,DEAD_no_account
starthehogwarts.my-style.in,DEAD_no_account
starthewindsor.is-great.org,DEAD_no_account
statethestraight.great-site.net,DEAD_no_account
steanflcher.loveslife.biz,DEAD_no_account
stefahillier.is-best.net,DEAD_no_account
stefanfisher.lovestoblog.com,DEAD_no_account
stefaniebranch.kesug.com,DEAD_no_account
stefaniemuller.fast-page.org,DEAD_no_account
stefanlorenzo.great-site.net,DEAD_no_account
stefanomolinari.great-site.net,DEAD_no_account
stefanpfeiffer.loveslife.biz,DEAD_no_account
stefantate.is-great.org,DEAD_no_account
stellacampbell.lovestoblog.com,DEAD_no_account
stellafisher.wuaze.com,DEAD_no_account
stellamurillo.lovestoblog.com,DEAD_no_account
stellapalacios.kesug.com,DEAD_no_account
stellashea.wuaze.com,DEAD_no_account
stellawilli.iblogger.org,DEAD_no_account
stephaniebell.is-great.net,DEAD_no_account
stephanieboucher.is-great.org,DEAD_no_account
stephaniemackaness.wuaze.com,DEAD_no_account
stephaniewhite.kesug.com,DEAD_no_account
stephenhemmings.iblogger.org,DEAD_no_account
stephgray.is-best.net,DEAD_no_account
stephjeffer.lovestoblog.com,DEAD_no_account
stephnieziman.kesug.com,DEAD_no_account
stephonsegate.is-great.org,DEAD_no_account
stetsoncarilo.is-best.net,DEAD_no_account
steveboucher.is-best.net,DEAD_no_account
stevendonovan.is-great.net,DEAD_no_account
stevenmarks.is-great.net,DEAD_no_account
stevensparks.wuaze.com,DEAD_no_account
steviegordon.lovestoblog.com,DEAD_no_account
stewarthoward.is-great.net,DEAD_no_account
stewartsingh.is-great.net,DEAD_no_account
stewartwright.kesug.com,DEAD_no_account
stodderttimes.lovestoblog.com,DEAD_no_account
stoneredmond.iblogger.org,DEAD_no_account
stonesteen.wuaze.com,DEAD_no_account
stormcalle.great-site.net,DEAD_no_account
stormcalle.kesug.com,DEAD_no_account
stormcaller.great-site.net,ALIVE
stormcaller.kesug.com,DEAD_no_account
stormsprinter.wuaze.com,DEAD_no_account
stormstride.great-site.net,DEAD_no_account
stormstride.wuaze.com,DEAD_no_account
stormstrider.is-best.net,DEAD_no_account
stormstrider.wuaze.com,DEAD_no_account
stormsurg.kesug.com,DEAD_no_account
stormsurg.wuaze.com,ALIVE
stormsurge.kesug.com,DEAD_no_account
stormthorsen.lovestoblog.com,DEAD_no_account
storyseeker.iblogger.org,DEAD_no_account
straitsthetimes.fast-page.org,DEAD_no_account
streetjournalwall.iblogger.org,DEAD_no_account
striderstorm.kesug.com,DEAD_no_account
strikerthunder.is-best.net,DEAD_no_account
strikerthunder.wuaze.com,DEAD_no_account
stuartosborn.iblogger.org,DEAD_no_account
sufyanrobin.lovestoblog.com,DEAD_no_account
summergonzalez.is-great.net,DEAD_no_account
summermatthews.is-best.net,DEAD_no_account
sungcarey.wuaze.com,DEAD_no_account
sunionhogwart.fast-page.org,DEAD_no_account
sunionjacksonville.kesug.com,DEAD_no_account
sunlitboulas.my-style.in,ALIVE
sunlitshadow.is-best.net,DEAD_no_account
sunlitshadow.is-great.net,DEAD_no_account
sunlitshadow.my-board.org,DEAD_no_account
sunlitshadow.nichesite.org,ALIVE
sunlitsoul.my-style.in,DEAD_no_account
sunlitsoul.nichesite.org,DEAD_no_account
sunlitspectacle.nichesite.org,DEAD_no_account
sunlitspecter.kesug.com,DEAD_no_account
sunlitspecter.my-style.in,DEAD_no_account
sunlitspecter.nichesite.org,DEAD_no_account
sunnewsottawa.nichesite.org,DEAD_no_account
sunnyparker.wuaze.com,DEAD_no_account
sunnyrubio.lovestoblog.com,DEAD_no_account
sunnyschimmel.wuaze.com,DEAD_no_account
sunrisegazette.kesug.com,DEAD_no_account
sunrisetabloidthe.iblogger.org,DEAD_no_account
sunshinestories.lovestoblog.com,ALIVE
sunthebright.great-site.net,DEAD_no_account
sureshmilner.is-great.org,DEAD_no_account
surgestorm.great-site.net,DEAD_no_account
surgestorm.kesug.com,DEAD_no_account
surorarospect.loveslife.biz,DEAD_no_account
susanalarkin.is-best.net,DEAD_no_account
susannakelly.kesug.com,DEAD_no_account
susannalamb.great-site.net,DEAD_no_account
susannaodom.kesug.com,DEAD_no_account
susannedaecher.great-site.net,DEAD_no_account
susanneschaefer.is-best.net,DEAD_no_account
suzanneagui.great-site.net,DEAD_no_account
suzannehunter.is-best.net,DEAD_no_account
svilleobservernew.nichesite.org,DEAD_no_account
sweaverglady.kesug.com,DEAD_no_account
swendrechsler.my-style.in,DEAD_no_account
swenvogel.fast-page.org,DEAD_no_account
sybgroenink.great-site.net,DEAD_no_account
sybilchowdhury.is-great.net,DEAD_no_account
sybillloyd.is-great.net,DEAD_no_account
sybilstorey.is-best.net,DEAD_no_account
sydneyander.lovestoblog.com,DEAD_no_account
syedbarr.is-best.net,DEAD_no_account
syedfrank.is-great.net,DEAD_no_account
sylaswhite.is-great.org,DEAD_no_account
sylvesmartin.is-great.net,DEAD_no_account
sylviaberger.is-great.net,DEAD_no_account
sylviaivey.lovestoblog.com,DEAD_no_account
sylviavanhorn.kesug.com,DEAD_no_account
szigethyandrea.my-style.in,ALIVE
szigetilinka.great-site.net,DEAD_no_account
szollosyjolan.iblogger.org,DEAD_no_account
tabathamelton.is-best.net,DEAD_no_account
tadeobean.is-great.net,DEAD_no_account
tahlialatham.is-great.org,DEAD_no_account
tajhook.wuaze.com,DEAD_no_account
tajngabidj.is-great.net,ALIVE
taliacarson.is-best.net,DEAD_no_account
tamaraturner.great-site.net,DEAD_no_account
tamekawells.iblogger.org,DEAD_no_account
tamerahouse.lovestoblog.com,DEAD_no_account
tamgandy.iblogger.org,DEAD_no_account
tamikahenderson.kesug.com,DEAD_no_account
tammiecumi.kesug.com,DEAD_no_account
tammyvaughan.is-great.net,DEAD_no_account
taniaskinner.wuaze.com,DEAD_no_account
tanishaflaher.lovestoblog.com,DEAD_no_account
taniyalobos.is-great.org,DEAD_no_account
tannerlloyd.kesug.com,DEAD_no_account
tanyajackson.lovestoblog.com,DEAD_no_account
tanyajohnson.great-site.net,DEAD_no_account
tarialexandra.wuaze.com,DEAD_no_account
tasiakarr.is-great.org,DEAD_no_account
tatianacostan.lovestoblog.com,DEAD_no_account
tatianagould.kesug.com,DEAD_no_account
tatiannaparkin.lovestoblog.com,DEAD_no_account
teagooden.kesug.com,DEAD_no_account
technologywolf.is-best.net,DEAD_no_account
techsboy.great-site.net,DEAD_no_account
techstyle.kesug.com,DEAD_no_account
techtree.my-style.in,DEAD_no_account
techwiki.nichesite.org,DEAD_no_account
tedcoffey.wuaze.com,DEAD_no_account
teddylong.is-best.net,DEAD_no_account
tedgagne.wuaze.com,DEAD_no_account
tedrobillard.wuaze.com,DEAD_no_account
tehranthetimes.wuaze.com,DEAD_no_account
teinmetzjanes.lovestoblog.com,DEAD_no_account
tejlezmontalvo.is-great.org,DEAD_no_account
telegraphedward.totalh.net,DEAD_no_account
telegraphsydneydaily.fanclub.rocks,DEAD_no_account
telegraphthenews.great-site.net,DEAD_no_account
tempestthunder.great-site.net,DEAD_no_account
tempestthunder.wuaze.com,DEAD_no_account
tenaperic.nichesite.org,ALIVE
teodoroserrano.wuaze.com,DEAD_no_account
teresakohler.kesug.com,DEAD_no_account
terifiednewsday.wuaze.com,DEAD_no_account
terigomez.kesug.com,DEAD_no_account
terrangask.is-best.net,DEAD_no_account
terrencbroome.iblogger.org,DEAD_no_account
terrencewaters.great-site.net,DEAD_no_account
terrikooper.is-best.net,DEAD_no_account
terrisloan.is-great.org,DEAD_no_account
terrivasque.is-great.org,DEAD_no_account
terryponce.wuaze.com,DEAD_no_account
teveningpatrio.is-best.net,DEAD_no_account
thaddavenport.iblogger.org,DEAD_no_account
thaddeusgill.is-best.net,DEAD_no_account
thaddeustrevino.is-best.net,DEAD_no_account
thadfrazier.wuaze.com,DEAD_no_account
thadsbode.kesug.com,DEAD_no_account
thaliasteph.great-site.net,DEAD_no_account
theatlantamirror.mydiscussion.net,DEAD_no_account
thebaybreak.nichesite.org,DEAD_no_account
thebusdispatchcolom.lovestoblog.com,DEAD_no_account
thedailynational.lovestoblog.com,DEAD_no_account
thedailynexus.great-site.net,DEAD_no_account
thedailyobserver.great-site.net,DEAD_no_account
thehogwartsechol.kesug.com,DEAD_no_account
thehogwartsexaminer.kesug.com,DEAD_no_account
thehogwartsleader.my-board.org,DEAD_no_account
thehogwartspost.my-board.org,DEAD_no_account
thehogwartsreformer.synergize.co,DEAD_no_account
thehogwartsstandard.mydiscussion.net,DEAD_no_account
theinsidekogwarts.is-best.net,DEAD_no_account
theinsighttimes.great-site.net,DEAD_no_account
thejournaldaylight.kesug.com,DEAD_no_account
themorningpost.iblogger.org,DEAD_no_account
thenewsbrianlenz.lovestoblog.com,DEAD_no_account
thenewsbusiness.my-board.org,ALIVE
thenewsfoundation.great-site.net,ALIVE
thenewsfredrosen.wuaze.com,DEAD_no_account
thenewslapresse.fast-page.org,DEAD_no_account
thenewsledevoir.lovestoblog.com,DEAD_no_account
thenewslejournal.wuaze.com,DEAD_no_account
thenewsmarkbowman.kesug.com,DEAD_no_account
thenewsporning.my-style.in,DEAD_no_account
thenewssouthflorida.lovestoblog.com,DEAD_no_account
thenewstorontosun.iblogger.org,DEAD_no_account
thenewswogwarts.likesyou.org,DEAD_no_account
theoayala.is-great.net,DEAD_no_account
theoglover.kesug.com,DEAD_no_account
thephenom.42web.io,ALIVE
thephenom.great-site.net,DEAD_no_account
therelaymorning.is-great.org,DEAD_no_account
theresagraham.lovestoblog.com,DEAD_no_account
thereseauclair.is-best.net,DEAD_no_account
theresebender.wuaze.com,DEAD_no_account
theronceja.iblogger.org,DEAD_no_account
theronhines.wuaze.com,DEAD_no_account
theronvalenz.wuaze.com,DEAD_no_account
therubybulleti.lovestoblog.com,DEAD_no_account
thestartoronto.kesug.com,DEAD_no_account
thesunyogwarts.great-site.net,DEAD_no_account
thiagolu.iblogger.org,DEAD_no_account
thisenews.is-great.net,DEAD_no_account
thisweekthesogwarts.totalh.net,DEAD_no_account
thomasbenson.is-great.net,DEAD_no_account
thomasbest.is-great.org,DEAD_no_account
thomasdelacruz.wuaze.com,DEAD_no_account
thomasedmunds.is-great.net,DEAD_no_account
thomasfischer.lovestoblog.com,DEAD_no_account
thomashowarth.is-great.net,DEAD_no_account
thomasmarr.is-great.net,DEAD_no_account
thomasthomson.iblogger.org,DEAD_no_account
thronethunder.great-site.net,DEAD_no_account
thronethunder.wuaze.com,DEAD_no_account
thunderspark.great-site.net,DEAD_no_account
thunderstrike.kesug.com,DEAD_no_account
thunderstrike.lovestoblog.com,ALIVE
thunderstriker.kesug.com,DEAD_no_account
thunderstriker.lovestoblog.com,DEAD_no_account
thundertempes.lovestoblog.com,ALIVE
thundertempest.lovestoblog.com,DEAD_no_account
thundertempest.wuaze.com,DEAD_no_account
thunderthrone.great-site.net,DEAD_no_account
thunderthrone.kesug.com,DEAD_no_account
thundertorrent.kesug.com,DEAD_no_account
tiahowarth.is-best.net,DEAD_no_account
tianafitzgerald.great-site.net,DEAD_no_account
tianalaw.wuaze.com,DEAD_no_account
tiatodd.is-great.net,DEAD_no_account
tiborsteidl.is-great.net,DEAD_no_account
tierabragg.iblogger.org,DEAD_no_account
tierawiggins.is-great.org,DEAD_no_account
timaszimmer.fanclub.rocks,DEAD_no_account
timbrown.is-great.org,DEAD_no_account
timesbuzzstreet.talk4fun.net,DEAD_no_account
timescontracosta.great-site.net,DEAD_no_account
timesfirstlight.kesug.com,DEAD_no_account
timesmontgomerry.wuaze.com,DEAD_no_account
timestheindia.kesug.com,DEAD_no_account
timestheinsight.synergize.co,DEAD_no_account
timestheisrael.is-great.net,DEAD_no_account
timesthekorea.great-site.net,DEAD_no_account
timesthenews.social-networking.me,DEAD_no_account
timesthenewsle.fanclub.rocks,DEAD_no_account
timethesmalta.likesyou.org,DEAD_no_account
timethesofoman.lovestoblog.com,DEAD_no_account
timmyreese.kesug.com,DEAD_no_account
timoresunbal.is-great.net,DEAD_no_account
timothybadger.is-great.net,DEAD_no_account
timothyschmidt.iblogger.org,DEAD_no_account
tinabeckett.iblogger.org,DEAD_no_account
tionnahathaway.is-best.net,DEAD_no_account
titanmerritt.is-great.net,DEAD_no_account
tmarlerrober.great-site.net,DEAD_no_account
tnsideauthorty.great-site.net,DEAD_no_account
tobiasbeike.great-site.net,DEAD_no_account
tobiasmueller.great-site.net,DEAD_no_account
tobylanigan.is-best.net,DEAD_no_account
tobymichelides.loveslife.biz,DEAD_no_account
todayqogwarts.lovestoblog.com,DEAD_no_account
todaytheindian.iblogger.org,DEAD_no_account
togwartsherald.totalh.net,DEAD_no_account
tomislavbrenner.kesug.com,DEAD_no_account
tommarila.is-great.net,DEAD_no_account
tommiefowler.great-site.net,DEAD_no_account
tommiehatfield.is-great.net,DEAD_no_account
tommieturner.is-great.net,DEAD_no_account
tommywilkinson.is-great.net,DEAD_no_account
tomsimon.is-great.net,DEAD_no_account
toniaroberts.is-best.net,DEAD_no_account
tonibrandt.iblogger.org,DEAD_no_account
tonicruz.wuaze.com,DEAD_no_account
tonsunedmon.kesug.com,DEAD_no_account
tonygilmor.is-best.net,DEAD_no_account
tonyjackson.is-great.net,ALIVE
tonyperkins.great-site.net,DEAD_no_account
tonypope.is-great.net,DEAD_no_account
tonyxiong.is-great.org,DEAD_no_account
torbenbang.is-best.net,DEAD_no_account
torbenjepsen.great-site.net,DEAD_no_account
toriblackburn.wuaze.com,DEAD_no_account
toriroby.iblogger.org,DEAD_no_account
tovelatvala.great-site.net,DEAD_no_account
townsnewsmanhours.kesug.com,DEAD_no_account
traceyblake.wuaze.com,DEAD_no_account
tranquiltimes.is-best.net,ALIVE
transfers.wuaze.com,DEAD_no_account
traveltalesnews.my-board.org,DEAD_no_account
traverscurtis.kesug.com,DEAD_no_account
travionkinnon.lovestoblog.com,DEAD_no_account
travisgomez.is-best.net,DEAD_no_account
travismcintosh.iblogger.org,DEAD_no_account
trayvonlutz.nichesite.org,DEAD_no_account
treasurepera.is-great.org,DEAD_no_account
trendtales.great-site.net,DEAD_no_account
trendytravel.totalh.net,DEAD_no_account
trenintosh.is-best.net,DEAD_no_account
trentcompton.is-great.org,DEAD_no_account
trentenstoll.great-site.net,DEAD_no_account
trentonschmid.wuaze.com,DEAD_no_account
trentonwinters.is-best.net,DEAD_no_account
trentstein.kesug.com,DEAD_no_account
treverisaacs.kesug.com,DEAD_no_account
trevorlutz.wuaze.com,DEAD_no_account
tribunedogwarts.my-style.in,DEAD_no_account
tribunelifestyle.wuaze.com,DEAD_no_account
tribunemadatere.is-best.net,DEAD_no_account
tribunestar.likesyou.org,DEAD_no_account
tribuneunion.great-site.net,DEAD_no_account
tribuneunion.wuaze.com,DEAD_no_account
tribuneuogwarts.loveslife.biz,DEAD_no_account
triciavillegas.wuaze.com,DEAD_no_account
trinapark.iblogger.org,DEAD_no_account
trinarocha.iblogger.org,DEAD_no_account
trinidadgates.iblogger.org,DEAD_no_account
trinitypatton.iblogger.org,DEAD_no_account
tripphunt.iblogger.org,DEAD_no_account
triptreknews.kesug.com,DEAD_no_account
trishahaley.likesyou.org,DEAD_no_account
trishashook.kesug.com,DEAD_no_account
tristanalcorn.is-great.org,DEAD_no_account
tristanclements.iblogger.org,DEAD_no_account
tristancotter.kesug.com,DEAD_no_account
tristanhanaford.synergize.co,DEAD_no_account
tristanhowarde.wuaze.com,ALIVE
tristanlevine.wuaze.com,DEAD_no_account
tristinhite.is-great.org,DEAD_no_account
tristwillm.iblogger.org,DEAD_no_account
troymunoz.iblogger.org,DEAD_no_account
troyneil.lovestoblog.com,DEAD_no_account
trudyellis.is-best.net,DEAD_no_account
trumansweat.iblogger.org,DEAD_no_account
trusolomon.is-great.net,DEAD_no_account
trystanholtz.is-best.net,DEAD_no_account
turnerkesl.is-great.org,DEAD_no_account
tvrtkomarusic.likesyou.org,DEAD_no_account
twilighttide.is-great.net,DEAD_no_account
twilighttranquility.is-great.net,DEAD_no_account
twilighttwinkle.totalh.net,DEAD_no_account
tyanahernd.wuaze.com,DEAD_no_account
tygreen.is-great.org,DEAD_no_account
tylercathcart.is-best.net,ALIVE
tylercawthorn.is-great.org,DEAD_no_account
tylerfarncomb.kesug.com,ALIVE
tylermarshall.great-site.net,DEAD_no_account
tylermcgowen.is-great.net,DEAD_no_account
tylerpizzey.wuaze.com,DEAD_no_account
tyrellzuni.wuaze.com,DEAD_no_account
tyresemullen.kesug.com,DEAD_no_account
tyriqsuthe.iblogger.org,DEAD_no_account
tyronrand.is-great.net,DEAD_no_account
tyshawncerda.is-great.net,DEAD_no_account
tysonbaughan.lovestoblog.com,ALIVE
tysonbunker.kesug.com,DEAD_no_account
tysondalton.kesug.com,DEAD_no_account
tysonfelan.great-site.net,ALIVE
tysongask.wuaze.com,DEAD_no_account
tysonguy.my-style.in,DEAD_no_account
tysonhirschfeld.great-site.net,DEAD_no_account
tysonhuff.iblogger.org,DEAD_no_account
ulisesgalaviz.is-best.net,DEAD_no_account
ulrichwerner.is-best.net,DEAD_no_account
ultimatethe.great-site.net,DEAD_no_account
ulyssesmejia.lovestoblog.com,DEAD_no_account
umartaskin.wuaze.com,DEAD_no_account
unionstories.totalh.net,DEAD_no_account
universetoday.totalh.net,DEAD_no_account
urbanedgenews.great-site.net,DEAD_no_account
urbanexpress.wuaze.com,DEAD_no_account
ursulagaertner.is-great.net,DEAD_no_account
usatoday.lovestoblog.com,DEAD_no_account
utabaier.wuaze.com,DEAD_no_account
utahartmann.great-site.net,DEAD_no_account
utenawanmaker.fanclub.rocks,DEAD_no_account
uteschneider.lovestoblog.com,DEAD_no_account
uteschweitzer.great-site.net,DEAD_no_account
vadagrant.great-site.net,DEAD_no_account
valarieanthony.is-great.net,DEAD_no_account
valencall.wuaze.com,DEAD_no_account
valenciamontes.is-great.net,DEAD_no_account
valenescobar.is-great.net,DEAD_no_account
valenmoguel.wuaze.com,DEAD_no_account
valentinephelps.is-great.net,DEAD_no_account
valentinocarter.is-great.net,DEAD_no_account
valentinomagana.wuaze.com,DEAD_no_account
valentinvilla.is-great.org,DEAD_no_account
valentolbert.kesug.com,DEAD_no_account
valeriapozos.great-site.net,DEAD_no_account
valeriozampieri.wuaze.com,DEAD_no_account
valeryquintana.great-site.net,DEAD_no_account
valkennedy.wuaze.com,DEAD_no_account
vamegakenews.totalh.net,DEAD_no_account
vanbauer.is-great.net,DEAD_no_account
vanesamurillo.iblogger.org,DEAD_no_account
vanessaelroy.lovestoblog.com,DEAD_no_account
vanessagerber.nichesite.org,DEAD_no_account
vanessalambert.is-best.net,DEAD_no_account
vanessamacleod.is-best.net,DEAD_no_account
vanessamaynard.iblogger.org,DEAD_no_account
vanessavaughan.iblogger.org,DEAD_no_account
vedapennington.kesug.com,DEAD_no_account
veliamancuso.wuaze.com,DEAD_no_account
veliavizcarra.iblogger.org,DEAD_no_account
velvetdanguard.talk4fun.net,DEAD_no_account
velvetvortex.lovestoblog.com,DEAD_no_account
veraboyle.iblogger.org,DEAD_no_account
veraburgstaller.iblogger.org,DEAD_no_account
verawatson.is-best.net,DEAD_no_account
verified.42web.io,DEAD_no_account
verifiednews.great-site.net,DEAD_no_account
vernmajor.lovestoblog.com,DEAD_no_account
vernzhang.kesug.com,DEAD_no_account
veronica.is-great.org,DEAD_no_account
veronicahuang.kesug.com,DEAD_no_account
veronicalamb.great-site.net,DEAD_no_account
veronicapad.is-best.net,DEAD_no_account
veronicasando.lovestoblog.com,DEAD_no_account
veronicaweaver.is-great.net,DEAD_no_account
veroniquebeaudin.kesug.com,DEAD_no_account
vertiserstarad.lovestoblog.com,DEAD_no_account
vesnaunterweger.wuaze.com,DEAD_no_account
vibrantbisionary.my-board.org,DEAD_no_account
vicenhowell.is-great.org,DEAD_no_account
vicenteblake.is-great.net,DEAD_no_account
vickihoover.is-best.net,DEAD_no_account
victorhurst.lovestoblog.com,DEAD_no_account
victoriadawson.is-great.net,DEAD_no_account
victorialodge.wuaze.com,DEAD_no_account
victoriamacleay.great-site.net,DEAD_no_account
victoriasing.lovestoblog.com,DEAD_no_account
victoriastrick.is-best.net,DEAD_no_account
victorvernon.great-site.net,DEAD_no_account
viewmoniternew.nichesite.org,DEAD_no_account
vilmacurry.wuaze.com,DEAD_no_account
vilmaoyakil.is-great.org,DEAD_no_account
vincentchambe.lovestoblog.com,DEAD_no_account
vincentmathieu.is-great.net,DEAD_no_account
vincenttafoya.is-best.net,DEAD_no_account
vincenzatomasi.iblogger.org,DEAD_no_account
vincewardle.kesug.com,DEAD_no_account
violetfontaine.wuaze.com,DEAD_no_account
violetibarra.wuaze.com,DEAD_no_account
violetloewen.iblogger.org,DEAD_no_account
violettevang.is-great.org,DEAD_no_account
virgilgallegos.lovestoblog.com,DEAD_no_account
virgiliosheppard.great-site.net,DEAD_no_account
virginiaferre.is-great.org,DEAD_no_account
virginiawhite.is-best.net,DEAD_no_account
viridianashowalter.is-great.org,DEAD_no_account
vitabassani.is-great.net,DEAD_no_account
vitnessforumnews.likesyou.org,DEAD_no_account
vitomilano.lovestoblog.com,DEAD_no_account
vivianacoco.kesug.com,DEAD_no_account
vivianaestrada.is-best.net,DEAD_no_account
viviancabrera.lovestoblog.com,DEAD_no_account
vivianfrank.lovestoblog.com,DEAD_no_account
vividvistanews.great-site.net,DEAD_no_account
vizfeatlan.lovestoblog.com,DEAD_no_account
vladimirnelson.is-best.net,DEAD_no_account
vladimreddi.iblogger.org,DEAD_no_account
vlatkanovak.synergize.co,ALIVE
voguebibe.nichesite.org,DEAD_no_account
voguevibenews.my-board.org,DEAD_no_account
voicekhannews.synergize.co,DEAD_no_account
voicenewscommunity.kesug.com,DEAD_no_account
voicenewscommunity.wuaze.com,DEAD_no_account
voicethefogwarts.likesyou.org,DEAD_no_account
vouturemorner.synergize.co,DEAD_no_account
vtlantaindepen.totalh.net,DEAD_no_account
vuruliambade.kesug.com,DEAD_no_account
wadebailey.lovestoblog.com,DEAD_no_account
waiharwood.is-great.org,DEAD_no_account
waipatry.iblogger.org,DEAD_no_account
waldoherman.great-site.net,DEAD_no_account
walkerjoyce.is-best.net,DEAD_no_account
walkerodonnell.is-great.net,DEAD_no_account
wallstreetthejournal.is-great.org,DEAD_no_account
walterdixon.lovestoblog.com,DEAD_no_account
walterkraus.lovestoblog.com,DEAD_no_account
waltermorales.iblogger.org,DEAD_no_account
walterrichards.wuaze.com,DEAD_no_account
waltherlettner.kesug.com,DEAD_no_account
wandaeberl.wuaze.com,DEAD_no_account
wandapalmer.great-site.net,DEAD_no_account
wandasorren.great-site.net,DEAD_no_account
wanderworld.kesug.com,ALIVE
warddaniel.iblogger.org,DEAD_no_account
wardvelaz.is-great.net,DEAD_no_account
warkstarledgerne.wuaze.com,DEAD_no_account
warneradkins.wuaze.com,DEAD_no_account
warnertyler.iblogger.org,DEAD_no_account
warrenchambers.iblogger.org,DEAD_no_account
warrendavidson.is-best.net,DEAD_no_account
warrensanderson.is-great.net,DEAD_no_account
washingtonpost.lovestoblog.com,DEAD_no_account
washingtonthepost.is-best.net,DEAD_no_account
watcherwealth.kesug.com,DEAD_no_account
watchmanwillow.lovestoblog.com,DEAD_no_account
wealthwatcher.lovestoblog.com,DEAD_no_account
weekenderreview.epizy.com,DEAD_no_account
weeklymegabyte.wuaze.com,DEAD_no_account
weeklyreports.nichesite.org,DEAD_no_account
wellsowen.lovestoblog.com,DEAD_no_account
wellssantana.is-great.org,DEAD_no_account
wendyblankenship.is-great.net,DEAD_no_account
wendydowney.is-best.net,DEAD_no_account
wesfuentes.is-best.net,DEAD_no_account
wesleyhess.is-best.net,DEAD_no_account
weslowery.iblogger.org,DEAD_no_account
wessonavila.iblogger.org,DEAD_no_account
wessonmassey.is-best.net,DEAD_no_account
weswells.iblogger.org,DEAD_no_account
whatsthenewsday.nichesite.org,DEAD_no_account
whispererwillow.kesug.com,DEAD_no_account
whisperingwander.my-board.org,DEAD_no_account
whisperingwave.kesug.com,DEAD_no_account
whisperingwhisper.totalh.net,DEAD_no_account
whisperingwillow.wuaze.com,DEAD_no_account
whisperingwind.iblogger.org,DEAD_no_account
whisperingwind.is-best.net,DEAD_no_account
whisperingwind.is-great.net,DEAD_no_account
whisperingwind.kesug.com,DEAD_no_account
whisperingwind.my-style.in,DEAD_no_account
whisperingwisp.is-best.net,DEAD_no_account
whisperingwisp.kesug.com,DEAD_no_account
whitneycall.great-site.net,DEAD_no_account
whitneyhughes.great-site.net,DEAD_no_account
wiktormaddox.iblogger.org,DEAD_no_account
wilarkblanc.kesug.com,DEAD_no_account
wilberlozano.kesug.com,DEAD_no_account
wilbertraymond.is-best.net,DEAD_no_account
wileychristian.wuaze.com,DEAD_no_account
wileymorales.is-best.net,DEAD_no_account
wilfredclemen.iblogger.org,DEAD_no_account
wilfredoperrin.iblogger.org,DEAD_no_account
willadurham.wuaze.com,DEAD_no_account
willafranklin.lovestoblog.com,DEAD_no_account
willhernan.is-great.net,DEAD_no_account
williamalcock.great-site.net,DEAD_no_account
williamcarboni.wuaze.com,DEAD_no_account
williamsteel.great-site.net,DEAD_no_account
willianpearson.kesug.com,DEAD_no_account
williansloan.great-site.net,DEAD_no_account
willlienhop.wuaze.com,DEAD_no_account
willmclerie.wuaze.com,DEAD_no_account
willowcoleman.wuaze.com,DEAD_no_account
willowhoover.is-great.org,DEAD_no_account
willowwanderer.great-site.net,DEAD_no_account
willowwatch.kesug.com,DEAD_no_account
willowwatchma.wuaze.com,DEAD_no_account
willowwatchman.kesug.com,DEAD_no_account
willowwatchman.totalh.net,DEAD_no_account
willowwatchman.wuaze.com,DEAD_no_account
willowwhisper.lovestoblog.com,DEAD_no_account
willowwhisper.wuaze.com,DEAD_no_account
willowwhisperer.iblogger.org,DEAD_no_account
willowwhisperer.kesug.com,DEAD_no_account
willowwhisperer.lovestoblog.com,DEAD_no_account
willowwisp.great-site.net,DEAD_no_account
willowwisp.is-great.net,DEAD_no_account
willowwisp.lovestoblog.com,ALIVE
willsencoldham.is-best.net,DEAD_no_account
willwwisp.great-site.net,DEAD_no_account
willynewman.kesug.com,DEAD_no_account
willzhang.great-site.net,DEAD_no_account
wilmafitzgerald.kesug.com,DEAD_no_account
wilsonguerin.is-great.net,DEAD_no_account
wilsonnathan.kesug.com,DEAD_no_account
windwhisper.likesyou.org,DEAD_no_account
winingertammy.is-best.net,DEAD_no_account
winnireilly.is-great.org,DEAD_no_account
winstonhewitt.great-site.net,DEAD_no_account
winstonmarshall.great-site.net,DEAD_no_account
wispwillow.wuaze.com,DEAD_no_account
wmdoyle.is-great.org,DEAD_no_account
wolfgangherrmann.is-great.net,DEAD_no_account
woodrowcooper.lovestoblog.com,DEAD_no_account
wordstheparis.lovestoblog.com,DEAD_no_account
worldnewswander.iblogger.org,DEAD_no_account
worldsdiarnt.fast-page.org,DEAD_no_account
worldviewtribune.wuaze.com,DEAD_no_account
wyattbennett.kesug.com,DEAD_no_account
wyattnichols.iblogger.org,DEAD_no_account
xanderblanken.great-site.net,DEAD_no_account
xavierauld.lovestoblog.com,DEAD_no_account
xaviermota.lovestoblog.com,DEAD_no_account
xaviernewson.is-best.net,DEAD_no_account
xavierpaulson.my-style.in,DEAD_no_account
xiaocarrier.great-site.net,DEAD_no_account
xiomarahof.kesug.com,DEAD_no_account
yadiradavies.my-style.in,DEAD_no_account
yahiaknot.iblogger.org,DEAD_no_account
yarablackburn.is-best.net,DEAD_no_account
yaretkenn.great-site.net,DEAD_no_account
yaretziarellano.lovestoblog.com,DEAD_no_account
yasminolan.wuaze.com,DEAD_no_account
yasminshah.is-best.net,DEAD_no_account
yasminwebster.kesug.com,DEAD_no_account
yearthsdiarent.nichesite.org,DEAD_no_account
yeungthedwight.lovestoblog.com,DEAD_no_account
yilmazwallner.kesug.com,DEAD_no_account
yinggill.is-great.org,DEAD_no_account
yorkshitherepost.wuaze.com,DEAD_no_account
youngjones.iblogger.org,DEAD_no_account
yusufcooper.is-best.net,DEAD_no_account
yvanlariviere.lovestoblog.com,DEAD_no_account
zaararivers.lovestoblog.com,DEAD_no_account
zacharylawes.wuaze.com,DEAD_no_account
zacharymawby.lovestoblog.com,DEAD_no_account
zacharystewart.is-great.org,DEAD_no_account
zacharyworgan.wuaze.com,DEAD_no_account
zacherygill.great-site.net,DEAD_no_account
zackarywyatt.great-site.net,DEAD_no_account
zackeryfranz.is-best.net,DEAD_no_account
zackleist.is-best.net,DEAD_no_account
zacukamuligan.is-great.net,ALIVE
zahirneal.kesug.com,DEAD_no_account
zahirsawyer.is-great.net,DEAD_no_account
zahiryork.is-great.net,DEAD_no_account
zaidpatton.my-style.in,DEAD_no_account
zaingaines.is-best.net,DEAD_no_account
zaingoodwin.lovestoblog.com,DEAD_no_account
zainthomas.lovestoblog.com,DEAD_no_account
zakaihunt.iblogger.org,DEAD_no_account
zakchavez.iblogger.org,DEAD_no_account
zakirullalam.is-great.net,DEAD_no_account
zakjenkins.is-best.net,DEAD_no_account
zakwhitehead.is-great.org,DEAD_no_account
zanebarbour.kesug.com,DEAD_no_account
zaneseitz.iblogger.org,DEAD_no_account
zaneshea.lovestoblog.com,DEAD_no_account
zaniyahrojas.great-site.net,DEAD_no_account
zaniyahvaughan.lovestoblog.com,DEAD_no_account
zariakent.lovestoblog.com,DEAD_no_account
zariyahcull.kesug.com,DEAD_no_account
zaviergrove.iblogger.org,DEAD_no_account
zaydkelly.kesug.com,DEAD_no_account
zayleerivera.lovestoblog.com,DEAD_no_account
zaynford.iblogger.org,DEAD_no_account
zealandnewherald.wuaze.com,DEAD_no_account
zeitgeistdaily.wuaze.com,DEAD_no_account
zenithzen.totalh.net,DEAD_no_account
zenithzephyr.totalh.net,DEAD_no_account
zenithzodiac.my-board.org,DEAD_no_account
zephyrsestnews.my-board.org,DEAD_no_account
zettehoosega.wuaze.com,DEAD_no_account
zevkennedy.is-great.org,DEAD_no_account
zhurimoon.kesug.com,DEAD_no_account
zimbathebwenews.iblogger.org,DEAD_no_account
zinetech.is-best.net,DEAD_no_account
zionvargas.iblogger.org,DEAD_no_account
zoeholman.great-site.net,DEAD_no_account
zoerutherford.kesug.com,DEAD_no_account
zoeypalmer.wuaze.com,DEAD_no_account
zohaibgardner.is-great.net,DEAD_no_account
zoiemarshall.my-board.org,DEAD_no_account
zoieriley.kesug.com,DEAD_no_account
zolahopkins.lovestoblog.com,DEAD_no_account
zorangeerligs.iblogger.org,DEAD_no_account
zottozanni.iblogger.org,DEAD_no_account
zoyaduncan.is-best.net,DEAD_no_account
zoyasantana.kesug.com,DEAD_no_account
zurimoody.is-great.net,DEAD_no_account
zyairearnold.is-great.net,DEAD_no_account
zyairemahoney.iblogger.org,DEAD_no_account
zyairmckinney.is-great.org,DEAD_no_account
